repeat,noise_sigma,sample_size,raw_grmse,round1_grmse,round2_grmse,min_epsilon_neighbors,median_epsilon_neighbors,min_delta_neighbors,median_delta_neighbors
0,0.0,102,2.3073602827481422e-05,0.005199335239425851,0.004469129880436044,2,13.5,6,24.0
0,0.01,102,0.013970083939948596,0.00783797344467073,0.007186119266270992,2,13.0,7,24.5
0,0.02,102,0.027955913484054542,0.012491089232173848,0.012101468026369485,2,13.0,7,24.0
0,0.04,102,0.05594734752305892,0.02626200979980563,0.02451777985397117,3,11.5,7,24.0
0,0.06,102,0.08388695505461848,0.04507454835344413,0.037644305817243935,3,12.5,7,24.0
0,0.08,102,0.11164948574101667,0.0789950210043282,0.07301039578435395,3,10.5,7,23.5
0,0.12,102,0.16651710039270093,0.12626947460653407,0.1165703102391148,2,10.0,7,25.0
1,0.0,102,2.4912553795438562e-05,0.004997654062205238,0.004632090391587363,2,10.0,7,22.0
1,0.01,102,0.01431437681556866,0.007780676041708956,0.007294443997379247,2,10.0,7,22.0
1,0.02,102,0.028612914579624615,0.012699814269063836,0.012325293699380709,2,10.0,7,22.0
1,0.04,102,0.05715329012267162,0.023501440770538118,0.023089295845832872,2,10.0,7,21.5
1,0.06,102,0.08555088686532535,0.04119557463054893,0.035221604324814894,2,10.0,8,22.0
1,0.08,102,0.11336923194720892,0.07469128099372631,0.06183071131855709,2,9.0,7,22.0
1,0.12,102,0.16838834417852913,0.11626309231070417,0.0944498066820154,2,10.0,6,22.0
2,0.0,102,2.5780836749879665e-05,0.005236431003474814,0.004383130469212947,3,10.0,8,17.5
2,0.01,102,0.013807802809307901,0.008070872008913625,0.007581696836735205,2,10.0,10,18.0
2,0.02,102,0.02760666116176028,0.012632210626517417,0.012398216197064743,2,10.0,10,18.0
2,0.04,102,0.05521287445531946,0.024310643037904305,0.023662982986191593,3,10.0,8,18.0
2,0.06,102,0.08287616517363079,0.042753464709632476,0.03932249809719132,3,10.0,9,18.0
2,0.08,102,0.11060336291971114,0.06226510203573466,0.05120118522203611,4,9.0,8,18.0
2,0.12,102,0.1662801150063381,0.12300243399978096,0.11298476054997514,2,8.5,7,18.0
3,0.0,102,2.2746032778689924e-05,0.00942908895884629,0.009673261273919988,1,11.0,5,23.0
3,0.01,102,0.014805324313243945,0.01040549424747446,0.01033899873682529,1,11.0,5,23.0
3,0.02,102,0.029585474744777823,0.014029900083462674,0.013766480690541153,1,10.5,4,23.5
3,0.04,102,0.05908919302794122,0.027169906981793807,0.02463478329064396,2,11.0,4,24.0
3,0.06,102,0.08861808267787831,0.051913816733664735,0.04561082664379338,2,10.5,4,23.0
3,0.08,102,0.11812879249515,0.07162039497988602,0.06408916692737826,2,12.0,4,22.0
3,0.12,102,0.17640784352945732,0.1315019133235824,0.12140585401596138,2,8.5,5,20.0
4,0.0,102,2.291557194176496e-05,0.005206825345778484,0.004260027031263962,3,9.0,9,25.5
4,0.01,102,0.015007140217978304,0.007444120462101783,0.00688682011225698,3,9.0,8,25.0
4,0.02,102,0.02998457348252351,0.011977192044001576,0.011703736100854838,4,9.5,9,25.0
4,0.04,102,0.05983812561736452,0.0228347129564793,0.022618934464643036,4,10.5,10,25.0
4,0.06,102,0.08955439848211284,0.045628096320486936,0.03925561029594863,3,11.0,9,23.5
4,0.08,102,0.11911991182201234,0.07617471963658891,0.0568095603895006,3,9.5,10,21.5
4,0.12,102,0.17749203952513337,0.12438652622247878,0.11512342563889483,2,7.0,8,24.0
5,0.0,102,2.362348119823143e-05,0.005082392073886868,0.004238092306965499,2,11.0,8,22.0
5,0.01,102,0.013958494154049674,0.008036098606504645,0.007564552820587727,2,10.5,8,22.0
5,0.02,102,0.02791624169893453,0.013254598268370143,0.012997797574389798,2,10.0,8,22.0
5,0.04,102,0.05583012753592495,0.025639933157904485,0.025509709356061488,3,10.0,9,21.5
5,0.06,102,0.08375172911855241,0.04227637598523919,0.042203264428064366,3,9.5,9,20.5
5,0.08,102,0.11170573568316561,0.07984557572103403,0.07462860962402662,3,9.5,8,20.0
5,0.12,102,0.167787231798571,0.14183257374484964,0.1412702764222284,1,8.0,7,18.5
6,0.0,102,2.5255148045027546e-05,0.00580581805538802,0.005442674956015725,2,12.5,6,25.0
6,0.01,102,0.014045863107094526,0.00739661134956344,0.007074695803301837,2,12.5,6,24.5
6,0.02,102,0.028081780663757737,0.01098943116195007,0.010740816263610576,2,13.0,6,25.0
6,0.04,102,0.05612767991654714,0.020867875462352848,0.019488466400469272,2,12.5,7,26.0
6,0.06,102,0.08413433942328885,0.04335856982436065,0.03750563848547863,2,11.0,8,26.0
6,0.08,102,0.11205347896738671,0.06762123079056241,0.05761034342794435,1,11.5,6,25.0
6,0.12,102,0.16713247045361007,0.11847585934266146,0.10197575249473106,1,11.0,8,26.5
7,0.0,102,2.2512414478720436e-05,0.004696672711425706,0.004073593520573516,3,11.0,8,23.0
7,0.01,102,0.01382174906356106,0.008604747592843716,0.0081475068563369,3,11.0,8,23.0
7,0.02,102,0.027639913196888636,0.014470863277924495,0.014200985501236196,3,11.0,7,23.0
7,0.04,102,0.055254619239485436,0.027426406856404784,0.026993496576763837,3,11.0,8,21.5
7,0.06,102,0.08281741068984189,0.04425695135098118,0.04150620867264473,3,10.5,8,22.0
7,0.08,102,0.11031439698085482,0.0676996802428594,0.0633103622105872,2,11.0,8,22.5
7,0.12,102,0.1650908401414623,0.11916269968148925,0.10620446923834485,3,9.0,7,20.0
8,0.0,102,2.3456295015623574e-05,0.005033571289300128,0.0045162255329443774,2,10.0,7,19.5
8,0.01,102,0.013518547115665802,0.01303231394439453,0.01310017832444971,3,10.0,8,19.0
8,0.02,102,0.027009451718213246,0.012107086741277386,0.010881680034607133,3,10.0,8,20.0
8,0.04,102,0.053880372999572095,0.024971827163743104,0.02513491910366004,4,10.0,9,20.5
8,0.06,102,0.08052734019799386,0.03880405442333237,0.03500237765658551,4,10.0,9,20.0
8,0.08,102,0.10688554964728567,0.06291569550214335,0.05061952346937452,3,9.0,9,20.0
8,0.12,102,0.1590349780274206,0.11452774176782198,0.09954719558520586,3,8.0,9,21.0
9,0.0,102,2.265018919135023e-05,0.0058182995657077895,0.004684456827654334,3,8.5,12,19.0
9,0.01,102,0.014656073096286092,0.007665521831995753,0.0070457713017707075,3,8.0,11,19.0
9,0.02,102,0.02930693894845003,0.012334115760408215,0.012067798939791161,3,9.0,11,19.0
9,0.04,102,0.05858878118958632,0.024838852148433465,0.024272088073553893,4,9.0,12,19.0
9,0.06,102,0.08783799163402657,0.04849784018538221,0.03780818051496283,3,9.0,11,18.0
9,0.08,102,0.11702875777637595,0.06976071944282179,0.05604967661741905,3,9.0,12,19.0
9,0.12,102,0.17516933092746062,0.1276518097578474,0.12168611118010832,3,9.0,11,18.0
10,0.0,102,2.6021974863866156e-05,0.004470843424802844,0.0036630823006212165,3,11.0,8,23.5
10,0.01,102,0.013781513982966252,0.007529178030527249,0.0070682005214203385,3,11.0,8,24.0
10,0.02,102,0.027545424468369616,0.012612552192726481,0.012400734340859339,3,11.0,8,23.5
10,0.04,102,0.054997950452144846,0.025370358328876543,0.024678758290297278,3,11.0,8,23.0
10,0.06,102,0.08231638965991454,0.04247880270680062,0.03858909548776922,2,10.5,9,23.0
10,0.08,102,0.10946699061355747,0.06924870479452339,0.0627322578426787,2,11.0,9,23.0
10,0.12,102,0.16284804875307518,0.11620043001146146,0.10284987955833558,2,10.0,9,21.0
11,0.0,102,2.3786359502681106e-05,0.004669165924650356,0.004014949569027276,3,11.0,9,18.5
11,0.01,102,0.013757711036748268,0.008139717204539007,0.007901964175055988,3,11.0,9,19.0
11,0.02,102,0.027494835149110396,0.014031153147693138,0.013891677393721604,4,11.0,9,19.0
11,0.04,102,0.05490900430172843,0.026382816214255585,0.025758523819149066,4,11.0,8,19.0
11,0.06,102,0.08226506276267373,0.045416431229961036,0.04180302314339888,4,11.0,8,19.0
11,0.08,102,0.10959192506463859,0.07424214551139402,0.06770241099670125,3,10.0,8,19.0
11,0.12,102,0.16414496765789732,0.12029094089980662,0.10962652119544736,3,9.0,8,19.0
12,0.0,102,2.313115345299988e-05,0.011938041076638622,0.011195849507089605,2,10.0,6,19.0
12,0.01,102,0.0140654946730363,0.008489615550454499,0.007970227127221216,2,10.0,6,19.0
12,0.02,102,0.028112162639351207,0.013098065224053325,0.012748840360789632,2,10.0,6,19.0
12,0.04,102,0.056139221511352325,0.023600899574328617,0.023189567039752567,2,10.0,7,19.0
12,0.06,102,0.08405590704468067,0.04348706716178431,0.03917328744796647,3,10.0,7,19.0
12,0.08,102,0.11184788302742527,0.06823740636444287,0.06393980197380567,3,9.0,8,18.0
12,0.12,102,0.16668181854457162,0.10920107383544432,0.0922204358595154,2,8.0,10,19.0
13,0.0,102,2.223365243482163e-05,0.004798786493195473,0.0040747409340899845,2,11.0,3,24.5
13,0.01,102,0.014879047935381733,0.007664024156357625,0.007077077911787314,2,11.0,3,25.0
13,0.02,102,0.029779412220990252,0.012917570488961184,0.012417746542054787,2,11.5,3,25.0
13,0.04,102,0.05962613285357043,0.025527967053064135,0.024296456686645335,2,12.0,3,25.0
13,0.06,102,0.089502753124525,0.05713249584088244,0.052403108929974684,2,12.0,3,25.0
13,0.08,102,0.11937245743330444,0.08917619361084715,0.07672186094623493,2,11.0,3,25.0
13,0.12,102,0.1789452086200393,0.13660553356836547,0.12499257288252348,2,10.0,3,24.0
14,0.0,102,2.2465853516685933e-05,0.005087443913990289,0.004486839048948819,3,12.0,6,28.0
14,0.01,102,0.013508085450098026,0.007633836949766382,0.0071804932386008635,2,12.0,6,28.0
14,0.02,102,0.027013907450266054,0.012488624541832222,0.012069464131788455,2,11.5,6,28.0
14,0.04,102,0.05399132679009612,0.024964668318932553,0.023729804460791294,3,11.0,4,28.0
14,0.06,102,0.08091262075345,0.040792452384284396,0.03675952168117922,3,11.0,4,26.0
14,0.08,102,0.10772935172657618,0.07042882811004338,0.06382737485554182,2,11.0,5,25.5
14,0.12,102,0.16110284958336332,0.10940448519741953,0.1008287811655298,2,10.0,6,26.0
15,0.0,102,2.2679776643749858e-05,0.00496125208924147,0.004245970843692791,2,11.0,8,21.0
15,0.01,102,0.012571217709898972,0.007743079928137665,0.0071748810491031895,2,11.0,8,21.0
15,0.02,102,0.025129321709541175,0.012679307108486143,0.012197843944829216,2,11.0,8,20.0
15,0.04,102,0.05021433166047833,0.023826399660827793,0.02315023768626203,2,11.0,9,20.0
15,0.06,102,0.07530324450112613,0.04022623463310967,0.03725502817782933,3,10.0,9,19.5
15,0.08,102,0.10043883319768804,0.06233382268002115,0.04989668244285514,2,10.0,9,20.0
15,0.12,102,0.15089793218822714,0.1096369841735429,0.11002054652779007,3,8.0,8,18.5
16,0.0,102,2.5429870755892327e-05,0.005143043401657388,0.0043457483603453,2,11.0,8,22.0
16,0.01,102,0.01277943371402515,0.006670711328700944,0.006277318480862892,2,11.0,8,21.5
16,0.02,102,0.025544959198799976,0.010057504304271053,0.009980851162419365,2,11.0,9,21.5
16,0.04,102,0.05103222304942946,0.02337387054799696,0.02130674540212693,3,10.5,8,22.0
16,0.06,102,0.0764558150902143,0.04268669124213393,0.036713501592535454,3,10.0,8,22.0
16,0.08,102,0.10180443573198956,0.06867963576158982,0.06570664255387194,1,10.0,8,22.5
16,0.12,102,0.15220399501815807,0.127726119125902,0.1273882577012901,1,9.0,7,21.5
17,0.0,102,2.520380804735601e-05,0.005992887212066555,0.005010446098998139,3,10.0,8,18.0
17,0.01,102,0.013392838555869122,0.008117982306410572,0.007334760596323987,3,10.0,7,18.0
17,0.02,102,0.026791943460343883,0.012078127548007125,0.011577067511262099,3,10.0,7,18.0
17,0.04,102,0.053647511982172144,0.020682411847829978,0.019948765128426527,3,9.5,7,19.0
17,0.06,102,0.08062155945367386,0.041264876778434226,0.03529887910781663,3,9.0,7,18.0
17,0.08,102,0.10772125611975221,0.0678921479240114,0.05332275733854716,3,8.0,9,19.0
17,0.12,102,0.16224596892551646,0.11370761532368064,0.10126577023568518,3,9.0,8,19.0
18,0.0,102,2.2466049316084915e-05,0.005258646212126376,0.0043969522808124835,3,10.0,7,22.0
18,0.01,102,0.014702137827193635,0.007789644763557886,0.007425715723592629,3,10.0,7,22.0
18,0.02,102,0.029340577887780755,0.013458226027314703,0.01325578418663002,4,11.0,7,21.0
18,0.04,102,0.058409343223282915,0.027664078659556588,0.025441787237814206,4,11.0,7,21.0
18,0.06,102,0.08718822072993553,0.050723332802069275,0.04412449265687036,3,11.0,6,22.0
18,0.08,102,0.11565387045599476,0.07708267457377777,0.06842801539566926,3,10.0,6,21.5
18,0.12,102,0.17165816955921856,0.11861866918413913,0.10478058781780168,2,10.0,4,21.0
19,0.0,102,2.0897315138489265e-05,0.005231856065752784,0.004587240886375638,3,10.0,6,21.0
19,0.01,102,0.013283457764047947,0.007294093274398375,0.006870119556238999,3,9.5,6,21.0
19,0.02,102,0.02657213015892038,0.011782499062346592,0.011481302205326565,3,10.0,6,21.0
19,0.04,102,0.05316163389635883,0.025689008485894706,0.023162705587417592,3,10.0,6,21.0
19,0.06,102,0.07974885816104291,0.04792160800552245,0.03844622634180502,2,9.0,8,20.0
19,0.08,102,0.1062916646734355,0.07919014805244588,0.06204444297916691,2,9.0,6,20.0
19,0.12,102,0.15876322301686271,0.11424341859384092,0.09356240448395513,2,9.0,5,19.0
