experiment,method,manifold,repeat,n,sigma,iterations,oracle_tangent,epsilon,delta,bandwidth_multiplier,median_local_neighborhood,min_local_neighborhood,raw_error,reconstruction_error,paired_rmse,runtime_sec,peak_memory_mb,status
noise,mrgap,cassini,0,102,0.0,1,0,0.3,0.6,,10.0,4,0.0,0.0057506603663820795,0.005817270265439449,0.015189542027655989,0.08190155029296875,ok
noise,mrgap,cassini,0,102,0.0,2,0,0.3,0.6,,10.0,4,0.0,0.004884009334488202,0.004947522154924398,0.027043292007874697,0.08190155029296875,ok
noise,mrgap,cassini,0,102,0.0,3,0,0.3,0.6,,10.0,4,0.0,0.004404687261960828,0.0044617068948968,0.03871016699122265,0.08190155029296875,ok
noise,mrgap,cassini,0,102,0.0,4,0,0.3,0.6,,10.0,4,0.0,0.004012692518125201,0.00406265320853889,0.05041154200443998,0.08190155029296875,ok
noise,mrgap,cassini,0,102,0.0,5,0,0.3,0.6,,10.0,4,0.0,0.0037172445332746503,0.0037599240281368327,0.06246537499828264,0.08190155029296875,ok
noise,manifold_fitting,cassini,0,102,0.0,1,0,,,1.0,1.0,1,0.0,0.0,0.0,4.207948222756386e-06,0.00244903564453125,sigma_zero_identity
oracle,mrgap,cassini,0,102,0.0,2,0,0.3,0.6,,10.0,4,0.0,0.004884009334488202,0.004947522154924398,0.027043292007874697,0.08190155029296875,ok
oracle,mrgap_oracle,cassini,0,102,0.0,2,1,0.3,0.6,,10.0,4,0.0,0.004779484341163171,0.004779484341163171,0.023699875979218632,0.0708913803100586,ok
noise,mrgap,cassini,0,102,0.01,1,0,0.3,0.6,,9.0,2,0.014233558146018739,0.009439728515626203,0.013851719034510499,0.011616292002145201,0.06175994873046875,ok
noise,mrgap,cassini,0,102,0.01,2,0,0.3,0.6,,9.0,2,0.014233558146018739,0.008287682366365623,0.013062252119842818,0.023186000995337963,0.06175994873046875,ok
noise,mrgap,cassini,0,102,0.01,3,0,0.3,0.6,,9.0,2,0.014233558146018739,0.007469232676003122,0.012546231422533206,0.03499545902013779,0.06175994873046875,ok
noise,mrgap,cassini,0,102,0.01,4,0,0.3,0.6,,9.0,2,0.014233558146018739,0.006854765349633032,0.012177492947551646,0.04657079197932035,0.06175994873046875,ok
noise,mrgap,cassini,0,102,0.01,5,0,0.3,0.6,,9.0,2,0.014233558146018739,0.006447120625276957,0.011941598876842823,0.057877124985679984,0.06175994873046875,ok
noise,manifold_fitting,cassini,0,102,0.01,1,0,,,1.0,2.0,1,0.014233558146018739,0.020979052341841754,0.08954794841525683,0.011917916999664158,0.046639442443847656,ok
oracle,mrgap,cassini,0,102,0.01,2,0,0.3,0.6,,9.0,2,0.014233558146018739,0.008287682366365623,0.013062252119842818,0.023186000995337963,0.06175994873046875,ok
oracle,mrgap_oracle,cassini,0,102,0.01,2,1,0.3,0.6,,9.0,2,0.014233558146018739,0.008594503029957647,0.013048514801791491,0.02347824996104464,0.06092071533203125,ok
noise,mrgap,cassini,0,102,0.02,1,0,0.3,0.6,,10.0,2,0.02949556063811952,0.014840154242449976,0.02643072108887387,0.011534542019944638,0.0666961669921875,ok
noise,mrgap,cassini,0,102,0.02,2,0,0.3,0.6,,10.0,2,0.02949556063811952,0.014584436564149799,0.026283301888443914,0.02320891706040129,0.0666961669921875,ok
noise,mrgap,cassini,0,102,0.02,3,0,0.3,0.6,,10.0,2,0.02949556063811952,0.014539401614215389,0.02626652796716947,0.034682583063840866,0.0666961669921875,ok
noise,mrgap,cassini,0,102,0.02,4,0,0.3,0.6,,10.0,2,0.02949556063811952,0.014539950118410217,0.02627011878916544,0.04630420805187896,0.0666961669921875,ok
noise,mrgap,cassini,0,102,0.02,5,0,0.3,0.6,,10.0,2,0.02949556063811952,0.014578441490018076,0.026294068079066955,0.05778241605730727,0.0666961669921875,ok
noise,manifold_fitting,cassini,0,102,0.02,1,0,,,1.0,4.0,1,0.02949556063811952,0.01819870844643581,0.10093419017840197,0.011318292003124952,0.05063343048095703,ok
oracle,mrgap,cassini,0,102,0.02,2,0,0.3,0.6,,10.0,2,0.02949556063811952,0.014584436564149799,0.026283301888443914,0.02320891706040129,0.0666961669921875,ok
oracle,mrgap_oracle,cassini,0,102,0.02,2,1,0.3,0.6,,10.0,2,0.02949556063811952,0.013515793223035383,0.02528942612679719,0.02345341700129211,0.06575775146484375,ok
noise,mrgap,cassini,0,102,0.04,1,0,0.3,0.6,,8.0,3,0.05934180584018578,0.030059029569063887,0.06489779817414486,0.011608125001657754,0.05883026123046875,ok
noise,mrgap,cassini,0,102,0.04,2,0,0.3,0.6,,9.0,3,0.05934180584018578,0.028173684308879926,0.06401181919778048,0.023114167037419975,0.05924224853515625,ok
noise,mrgap,cassini,0,102,0.04,3,0,0.3,0.6,,9.0,3,0.05934180584018578,0.028134066931609008,0.0639944027291103,0.034737792040687054,0.05924224853515625,ok
noise,mrgap,cassini,0,102,0.04,4,0,0.3,0.6,,9.0,3,0.05934180584018578,0.028195060766373094,0.06402298618815037,0.04633920901687816,0.05930328369140625,ok
noise,mrgap,cassini,0,102,0.04,5,0,0.3,0.6,,9.0,3,0.05934180584018578,0.028327538252483225,0.06407591779822203,0.05788620898965746,0.05930328369140625,ok
noise,manifold_fitting,cassini,0,102,0.04,1,0,,,1.0,6.0,1,0.05934180584018578,0.028484339230169173,0.11220426847776155,0.011686666985042393,0.057579994201660156,ok
oracle,mrgap,cassini,0,102,0.04,2,0,0.3,0.6,,9.0,3,0.05934180584018578,0.028173684308879926,0.06401181919778048,0.023114167037419975,0.05924224853515625,ok
oracle,mrgap_oracle,cassini,0,102,0.04,2,1,0.3,0.6,,9.0,4,0.05934180584018578,0.029714478339178486,0.050863773153854326,0.023467207967769355,0.058135986328125,ok
noise,mrgap,cassini,0,102,0.06,1,0,0.3,0.6,,11.5,2,0.08352558565674906,0.04457765573058603,0.08765402832113206,0.011729332967661321,0.08975982666015625,ok
noise,mrgap,cassini,0,102,0.06,2,0,0.3,0.6,,13.0,3,0.08352558565674906,0.039146510065967616,0.08155634385382045,0.02364587492775172,0.08975982666015625,ok
noise,mrgap,cassini,0,102,0.06,3,0,0.3,0.6,,12.5,4,0.08352558565674906,0.03844238946235087,0.08169612455049051,0.03548324992880225,0.091278076171875,ok
noise,mrgap,cassini,0,102,0.06,4,0,0.3,0.6,,13.0,4,0.08352558565674906,0.03878347742385852,0.08185716333370699,0.04725074995076284,0.0914154052734375,ok
noise,mrgap,cassini,0,102,0.06,5,0,0.3,0.6,,13.0,4,0.08352558565674906,0.03920281846017661,0.08206105825198297,0.05909362493548542,0.09143829345703125,ok
noise,manifold_fitting,cassini,0,102,0.06,1,0,,,1.0,10.5,1,0.08352558565674906,0.026997734374038542,0.13339535394965982,0.01187504205154255,0.07129573822021484,ok
oracle,mrgap,cassini,0,102,0.06,2,0,0.3,0.6,,13.0,3,0.08352558565674906,0.039146510065967616,0.08155634385382045,0.02364587492775172,0.08975982666015625,ok
oracle,mrgap_oracle,cassini,0,102,0.06,2,1,0.3,0.6,,13.5,2,0.08352558565674906,0.0342186086402345,0.07071815614530039,0.023626291018445045,0.09075164794921875,ok
noise,mrgap,cassini,0,102,0.08,1,0,0.3,0.6,,8.0,1,0.11353057393467501,0.07506927815183732,0.15514423550692322,0.011341957957483828,0.062713623046875,ok
noise,mrgap,cassini,0,102,0.08,2,0,0.3,0.6,,9.0,3,0.11353057393467501,0.0616861736638798,0.15741053182442352,0.022836624935735017,0.062713623046875,ok
noise,mrgap,cassini,0,102,0.08,3,0,0.3,0.6,,9.0,3,0.11353057393467501,0.06376043096763623,0.160088765822341,0.03443679091287777,0.062713623046875,ok
noise,mrgap,cassini,0,102,0.08,4,0,0.3,0.6,,9.0,2,0.11353057393467501,0.06825403504343101,0.16093815618377766,0.04600370692787692,0.06275177001953125,ok
noise,mrgap,cassini,0,102,0.08,5,0,0.3,0.6,,9.0,2,0.11353057393467501,0.07609398201752615,0.1645391491960188,0.057605081936344504,0.06446075439453125,ok
noise,manifold_fitting,cassini,0,102,0.08,1,0,,,1.0,8.0,1,0.11353057393467501,0.03445189076840129,0.13925019669385946,0.012090249976608902,0.07032203674316406,ok
oracle,mrgap,cassini,0,102,0.08,2,0,0.3,0.6,,9.0,3,0.11353057393467501,0.0616861736638798,0.15741053182442352,0.022836624935735017,0.062713623046875,ok
oracle,mrgap_oracle,cassini,0,102,0.08,2,1,0.3,0.6,,8.5,2,0.11353057393467501,0.04473827020232811,0.09763608189376546,0.022966000018641353,0.06365203857421875,ok
noise,mrgap,cassini,0,102,0.12,1,0,0.3,0.6,,6.0,1,0.1702474204035492,0.12137231414957643,0.22190050705213915,0.011498291976749897,0.05999755859375,ok
noise,mrgap,cassini,0,102,0.12,2,0,0.3,0.6,,9.0,2,0.1702474204035492,0.11478335277276157,0.22909386884706984,0.02297716698376462,0.072021484375,ok
noise,mrgap,cassini,0,102,0.12,3,0,0.3,0.6,,9.0,3,0.1702474204035492,0.12389320606899369,0.24019939474981186,0.0346189999836497,0.0732421875,ok
noise,mrgap,cassini,0,102,0.12,4,0,0.3,0.6,,9.0,2,0.1702474204035492,0.1395219099538765,0.25282885351797924,0.04643274995032698,0.07706451416015625,ok
noise,mrgap,cassini,0,102,0.12,5,0,0.3,0.6,,9.0,3,0.1702474204035492,0.1380065653045325,0.25854903695751064,0.05804458394413814,0.07793426513671875,ok
noise,manifold_fitting,cassini,0,102,0.12,1,0,,,1.0,13.0,4,0.1702474204035492,0.06839449722151565,0.23943278904878576,0.012391709024086595,0.08211040496826172,ok
oracle,mrgap,cassini,0,102,0.12,2,0,0.3,0.6,,9.0,2,0.1702474204035492,0.11478335277276157,0.22909386884706984,0.02297716698376462,0.072021484375,ok
oracle,mrgap_oracle,cassini,0,102,0.12,2,1,0.3,0.6,,8.5,4,0.1702474204035492,0.10971496406384101,0.17647991231654878,0.02300183300394565,0.06835174560546875,ok
sample_size,mrgap,cassini,0,50,0.04,1,0,0.3,0.6,,6.0,1,0.05595992736389301,0.0362221572800676,0.07421278439370024,0.005588124971836805,0.0257568359375,ok
sample_size,mrgap,cassini,0,50,0.04,2,0,0.3,0.6,,7.0,2,0.05595992736389301,0.03556143776408455,0.07416573327334991,0.011063416954129934,0.0258941650390625,ok
sample_size,mrgap,cassini,0,50,0.04,3,0,0.3,0.6,,7.0,2,0.05595992736389301,0.035137886221193765,0.07425874114738007,0.01655733399093151,0.0258941650390625,ok
sample_size,mrgap,cassini,0,50,0.04,4,0,0.3,0.6,,7.0,2,0.05595992736389301,0.03484214284145026,0.07440742570295053,0.022053458960726857,0.0258941650390625,ok
sample_size,mrgap,cassini,0,50,0.04,5,0,0.3,0.6,,7.0,2,0.05595992736389301,0.03466645446857302,0.07463053363429258,0.02759166801115498,0.0258941650390625,ok
sample_size,manifold_fitting,cassini,0,50,0.04,1,0,,,1.0,6.0,1,0.05595992736389301,0.10834406340076538,0.1888945662111063,0.005669459002092481,0.028618812561035156,ok
sample_size,mrgap,cassini,0,100,0.04,1,0,0.3,0.6,,13.0,2,0.06062992342246693,0.03026295862274349,0.07052792888637363,0.011299541976768523,0.0757904052734375,ok
sample_size,mrgap,cassini,0,100,0.04,2,0,0.3,0.6,,14.0,2,0.06062992342246693,0.023371661657245826,0.07521464985144997,0.02282849996117875,0.07806396484375,ok
sample_size,mrgap,cassini,0,100,0.04,3,0,0.3,0.6,,14.0,3,0.06062992342246693,0.022843572670443124,0.07517968985540788,0.03449783299583942,0.0781097412109375,ok
sample_size,mrgap,cassini,0,100,0.04,4,0,0.3,0.6,,14.0,3,0.06062992342246693,0.023345356061747514,0.07527976364233815,0.04601062397705391,0.0781097412109375,ok
sample_size,mrgap,cassini,0,100,0.04,5,0,0.3,0.6,,14.0,3,0.06062992342246693,0.0239616881671435,0.07543746611669448,0.05763116601156071,0.0781097412109375,ok
sample_size,manifold_fitting,cassini,0,100,0.04,1,0,,,1.0,7.0,1,0.06062992342246693,0.028576410309214068,0.1222281644862569,0.011831582989543676,0.06197166442871094,ok
sample_size,mrgap,cassini,0,250,0.04,1,0,0.3,0.6,,20.0,8,0.054177508570798665,0.015207588559112466,0.04799751603602566,0.03285404102643952,0.32234954833984375,ok
sample_size,mrgap,cassini,0,250,0.04,2,0,0.3,0.6,,20.0,9,0.054177508570798665,0.014762120949931562,0.04781492370264588,0.06647562404396012,0.32753753662109375,ok
sample_size,mrgap,cassini,0,250,0.04,3,0,0.3,0.6,,20.0,9,0.054177508570798665,0.014711632806238453,0.04776382857911827,0.09965945704607293,0.32779693603515625,ok
sample_size,mrgap,cassini,0,250,0.04,4,0,0.3,0.6,,20.0,9,0.054177508570798665,0.01483146327927688,0.04776622577187835,0.132489331997931,0.32794952392578125,ok
sample_size,mrgap,cassini,0,250,0.04,5,0,0.3,0.6,,20.0,9,0.054177508570798665,0.015108962135939872,0.04781953908281276,0.16609683202113956,0.32811737060546875,ok
sample_size,manifold_fitting,cassini,0,250,0.04,1,0,,,1.0,8.0,1,0.054177508570798665,0.016820664904427792,0.06186195506744115,0.028770582983270288,0.1756134033203125,ok
sample_size,mrgap,cassini,0,500,0.04,1,0,0.3,0.6,,37.0,17,0.05670090076569059,0.014846706846025614,0.05199618696087641,0.1072165829828009,2.334014892578125,ok
sample_size,mrgap,cassini,0,500,0.04,2,0,0.3,0.6,,39.0,20,0.05670090076569059,0.014745750548913205,0.05196029561719977,0.21502045798115432,2.3402099609375,ok
sample_size,mrgap,cassini,0,500,0.04,3,0,0.3,0.6,,39.0,20,0.05670090076569059,0.015521005391473223,0.05193934936073637,0.323312749969773,2.3413238525390625,ok
sample_size,mrgap,cassini,0,500,0.04,4,0,0.3,0.6,,39.0,20,0.05670090076569059,0.015942517076116283,0.05204269121941948,0.4308304999722168,2.3413238525390625,ok
sample_size,mrgap,cassini,0,500,0.04,5,0,0.3,0.6,,39.0,20,0.05670090076569059,0.016499378670180358,0.052175669323106404,0.5388747910037637,2.3413238525390625,ok
sample_size,manifold_fitting,cassini,0,500,0.04,1,0,,,1.0,12.0,2,0.05670090076569059,0.015657083060297353,0.05598302560863986,0.06962754199048504,1.0723142623901367,ok
sample_size,mrgap,cassini,0,1000,0.04,1,0,0.3,0.6,,70.0,37,0.05566360468619962,0.00874975914796765,0.04681563468707356,0.5468262920039706,10.951400756835938,ok
sample_size,mrgap,cassini,0,1000,0.04,2,0,0.3,0.6,,73.0,43,0.05566360468619962,0.00824618572092094,0.04675543026542964,1.100344667036552,10.996475219726562,ok
sample_size,mrgap,cassini,0,1000,0.04,3,0,0.3,0.6,,73.0,43,0.05566360468619962,0.008237111142012163,0.04674415220627475,1.6504412090289406,11.001968383789062,ok
sample_size,mrgap,cassini,0,1000,0.04,4,0,0.3,0.6,,73.0,43,0.05566360468619962,0.008278004237488817,0.046742536720870906,2.1990855840267614,11.005355834960938,ok
sample_size,mrgap,cassini,0,1000,0.04,5,0,0.3,0.6,,73.0,43,0.05566360468619962,0.008363166062031508,0.046748706203496325,2.7477713340194896,11.009597778320312,ok
sample_size,manifold_fitting,cassini,0,1000,0.04,1,0,,,1.0,17.0,3,0.05566360468619962,0.012073094408886419,0.04894654358426985,0.1838281670352444,4.5509796142578125,ok
sample_size,mrgap,cassini,0,5000,0.04,1,0,0.3,0.6,,354.0,198,0.05662237089340329,nan,nan,nan,nan,skipped_resource_guard
sample_size,mrgap,cassini,0,5000,0.04,2,0,0.3,0.6,,354.0,198,0.05662237089340329,nan,nan,nan,nan,skipped_resource_guard
sample_size,mrgap,cassini,0,5000,0.04,3,0,0.3,0.6,,354.0,198,0.05662237089340329,nan,nan,nan,nan,skipped_resource_guard
sample_size,mrgap,cassini,0,5000,0.04,4,0,0.3,0.6,,354.0,198,0.05662237089340329,nan,nan,nan,nan,skipped_resource_guard
sample_size,mrgap,cassini,0,5000,0.04,5,0,0.3,0.6,,354.0,198,0.05662237089340329,nan,nan,nan,nan,skipped_resource_guard
sample_size,manifold_fitting,cassini,0,5000,0.04,1,0,,,,50.0,18,0.05662237089340329,0.007397691264787467,0.042162392043471705,2.0980931660160422,97.90348625183105,ok
bandwidth_mrgap,mrgap,cassini,0,102,0.04,2,0,0.1,0.6,,4.0,1,0.06608810491565195,0.05611580494383009,0.1640492782454962,0.023661083017941564,0.06153106689453125,ok
bandwidth_mrgap,mrgap,cassini,0,102,0.04,2,0,0.2,0.6,,7.0,1,0.06608810491565195,0.033887367277597155,0.10379029901892645,0.02336891705635935,0.0647125244140625,ok
bandwidth_mrgap,mrgap,cassini,0,102,0.04,2,0,0.3,0.6,,10.0,3,0.06608810491565195,0.025916812764342663,0.0631259097969634,0.023339832958299667,0.06839752197265625,ok
bandwidth_mrgap,mrgap,cassini,0,102,0.04,2,0,0.4,0.6,,14.0,4,0.06608810491565195,0.025432452147128356,0.05454189357676192,0.02335779194254428,0.069061279296875,ok
bandwidth_mrgap,mrgap,cassini,0,102,0.04,2,0,0.5,0.6,,17.0,5,0.06608810491565195,0.02503811125047474,0.04655836346877093,0.023235083965118974,0.07134246826171875,ok
bandwidth_mrgap,mrgap,cassini,0,102,0.04,2,0,0.6,0.6,,22.0,7,0.06608810491565195,0.024920738519739933,0.04622231655428475,0.023706375970505178,0.0736236572265625,ok
bandwidth_mf,manifold_fitting,cassini,0,102,0.04,1,0,,,0.5,3.0,1,0.06608810491565195,0.038356007731316796,0.08903556113162454,0.011202332971151918,0.04811668395996094,ok
bandwidth_mf,manifold_fitting,cassini,0,102,0.04,1,0,,,0.75,5.0,1,0.06608810491565195,0.03688426137015459,0.08971251234654935,0.011073125002440065,0.05322551727294922,ok
bandwidth_mf,manifold_fitting,cassini,0,102,0.04,1,0,,,1.0,6.0,1,0.06608810491565195,0.036256258750771576,0.09231866136726531,0.01132120902184397,0.058073997497558594,ok
bandwidth_mf,manifold_fitting,cassini,0,102,0.04,1,0,,,1.25,7.0,1,0.06608810491565195,0.03731118070497382,0.10352834633690995,0.01171729201450944,0.062320709228515625,ok
bandwidth_mf,manifold_fitting,cassini,0,102,0.04,1,0,,,1.5,9.5,2,0.06608810491565195,0.03820431274431887,0.13309954100669175,0.011975291999988258,0.0664825439453125,ok
bandwidth_mf,manifold_fitting,cassini,0,102,0.04,1,0,,,2.0,15.0,3,0.06608810491565195,0.04742313991488596,0.15906545223605628,0.012204875005409122,0.07511329650878906,ok
noise,mrgap,rp3,0,500,0.0,1,0,0.5,0.5,,20.0,8,0.0,0.04816093305210398,0.048848615298202516,0.06445237499428913,0.6027679443359375,ok
noise,mrgap,rp3,0,500,0.0,2,0,0.5,0.5,,25.0,11,0.0,0.0645166683641619,0.06841539478933732,0.12993708404246718,0.7227821350097656,ok
noise,mrgap,rp3,0,500,0.0,3,0,0.5,0.5,,27.0,12,0.0,0.07979965345531,0.08514823059812628,0.19591558404499665,0.7681312561035156,ok
noise,mrgap,rp3,0,500,0.0,4,0,0.5,0.5,,29.0,14,0.0,0.09416852575069609,0.10225665687864918,0.26438870903803036,0.8224601745605469,ok
noise,mrgap,rp3,0,500,0.0,5,0,0.5,0.5,,31.0,15,0.0,0.10818624542163426,0.11896877526068919,0.33280283404747024,0.8795890808105469,ok
noise,manifold_fitting,rp3,0,500,0.0,1,0,,,1.0,1.0,1,0.0,0.0,0.0,4.667032044380903e-06,0.038288116455078125,sigma_zero_identity
oracle,mrgap,rp3,0,500,0.0,2,0,0.5,0.5,,25.0,11,0.0,0.0645166683641619,0.06841539478933732,0.12993708404246718,0.7227821350097656,ok
oracle,mrgap_oracle,rp3,0,500,0.0,2,1,0.5,0.5,,25.0,10,0.0,0.057523861138959416,0.05752386113895941,0.1281323740258813,0.7343635559082031,ok
noise,mrgap,rp3,0,500,0.01,1,0,0.5,0.5,,20.0,9,0.031109782042869523,0.05314807595391158,0.05517195926491468,0.06387825001729652,0.6085166931152344,ok
noise,mrgap,rp3,0,500,0.01,2,0,0.5,0.5,,24.0,11,0.031109782042869523,0.06979440156119027,0.07514815521614311,0.13055929203983396,0.7015266418457031,ok
noise,mrgap,rp3,0,500,0.01,3,0,0.5,0.5,,26.0,14,0.031109782042869523,0.0853106528285621,0.09309544453928029,0.19770554202841595,0.7615852355957031,ok
noise,mrgap,rp3,0,500,0.01,4,0,0.5,0.5,,29.0,17,0.031109782042869523,0.10023165085869606,0.1104738517733476,0.2653542920597829,0.8202629089355469,ok
noise,mrgap,rp3,0,500,0.01,5,0,0.5,0.5,,31.0,20,0.031109782042869523,0.11486853129601672,0.12723043304300255,0.3345856260275468,0.8784751892089844,ok
noise,manifold_fitting,rp3,0,500,0.01,1,0,,,1.0,1.0,1,0.031109782042869523,0.07125932926586218,0.16227608783376354,0.054264500038698316,0.26306629180908203,ok
oracle,mrgap,rp3,0,500,0.01,2,0,0.5,0.5,,24.0,11,0.031109782042869523,0.06979440156119027,0.07514815521614311,0.13055929203983396,0.7015266418457031,ok
oracle,mrgap_oracle,rp3,0,500,0.01,2,1,0.5,0.5,,25.0,11,0.031109782042869523,0.06266973607326955,0.06279785686533632,0.12834354204824194,0.7161521911621094,ok
noise,mrgap,rp3,0,500,0.02,1,0,0.5,0.5,,20.0,7,0.06046888401994181,0.062384486523219373,0.07019062151748386,0.06408587499754503,0.5991783142089844,ok
noise,mrgap,rp3,0,500,0.02,2,0,0.5,0.5,,24.0,10,0.06046888401994181,0.07324011014118945,0.08566898242507637,0.13009241601685062,0.7037582397460938,ok
noise,mrgap,rp3,0,500,0.02,3,0,0.5,0.5,,26.0,12,0.06046888401994181,0.08682153768411376,0.10209539766148476,0.19773158302996308,0.7532310485839844,ok
noise,mrgap,rp3,0,500,0.02,4,0,0.5,0.5,,28.0,15,0.06046888401994181,0.101039725573718,0.1195811232573617,0.2655045000137761,0.80712890625,ok
noise,mrgap,rp3,0,500,0.02,5,0,0.5,0.5,,31.0,16,0.06046888401994181,0.1159501578523967,0.1384460380556024,0.334106124995742,0.8610305786132812,ok
noise,manifold_fitting,rp3,0,500,0.02,1,0,,,1.0,1.0,1,0.06046888401994181,0.0705756412736645,0.1663940282031009,0.054615958011709154,0.26715564727783203,ok
oracle,mrgap,rp3,0,500,0.02,2,0,0.5,0.5,,24.0,10,0.06046888401994181,0.07324011014118945,0.08566898242507637,0.13009241601685062,0.7037582397460938,ok
oracle,mrgap_oracle,rp3,0,500,0.02,2,1,0.5,0.5,,25.0,10,0.06046888401994181,0.07051820228348145,0.07237121461358229,0.1275945829693228,0.7354240417480469,ok
noise,mrgap,rp3,0,500,0.04,1,0,0.5,0.5,,17.0,6,0.1176143704496055,0.09040630074247329,0.12226318924297416,0.06316212500678375,0.5454177856445312,ok
noise,mrgap,rp3,0,500,0.04,2,0,0.5,0.5,,21.0,7,0.1176143704496055,0.08861075412490431,0.13034483280619408,0.1286028340109624,0.6196403503417969,ok
noise,mrgap,rp3,0,500,0.04,3,0,0.5,0.5,,23.0,7,0.1176143704496055,0.09325314524864631,0.140713713100007,0.19383283401839435,0.6698951721191406,ok
noise,mrgap,rp3,0,500,0.04,4,0,0.5,0.5,,25.0,9,0.1176143704496055,0.10184441325040301,0.15149887632635456,0.26030008401721716,0.7163581848144531,ok
noise,mrgap,rp3,0,500,0.04,5,0,0.5,0.5,,28.0,10,0.1176143704496055,0.1126398423910304,0.16128663892084805,0.3274774589808658,0.7770118713378906,ok
noise,manifold_fitting,rp3,0,500,0.04,1,0,,,1.0,1.0,1,0.1176143704496055,0.07972725917423576,0.18048301668934982,0.05560958298156038,0.28395748138427734,ok
oracle,mrgap,rp3,0,500,0.04,2,0,0.5,0.5,,21.0,7,0.1176143704496055,0.08861075412490431,0.13034483280619408,0.1286028340109624,0.6196403503417969,ok
oracle,mrgap_oracle,rp3,0,500,0.04,2,1,0.5,0.5,,25.0,11,0.1176143704496055,0.08818330281138471,0.1073354203281927,0.1264225000049919,0.74945068359375,ok
noise,mrgap,rp3,0,500,0.06,1,0,0.5,0.5,,14.0,3,0.16869498180586373,0.14745326532428174,0.18452439501687073,0.06277333304751664,0.4696083068847656,ok
noise,mrgap,rp3,0,500,0.06,2,0,0.5,0.5,,16.0,4,0.16869498180586373,0.13755492316149456,0.18531136814926455,0.12485204101540148,0.5073204040527344,ok
noise,mrgap,rp3,0,500,0.06,3,0,0.5,0.5,,17.0,4,0.16869498180586373,0.13096178166363956,0.18592688656259673,0.18923129100585356,0.5287971496582031,ok
noise,mrgap,rp3,0,500,0.06,4,0,0.5,0.5,,19.0,4,0.16869498180586373,0.12841531902877928,0.1882788140591975,0.2529767910018563,0.5599784851074219,ok
noise,mrgap,rp3,0,500,0.06,5,0,0.5,0.5,,21.0,5,0.16869498180586373,0.12821174704718996,0.19179045610768336,0.3176357069751248,0.6020050048828125,ok
noise,manifold_fitting,rp3,0,500,0.06,1,0,,,1.0,1.0,1,0.16869498180586373,0.09260168405592929,0.20565358774656983,0.05749054200714454,0.32056617736816406,ok
oracle,mrgap,rp3,0,500,0.06,2,0,0.5,0.5,,16.0,4,0.16869498180586373,0.13755492316149456,0.18531136814926455,0.12485204101540148,0.5073204040527344,ok
oracle,mrgap_oracle,rp3,0,500,0.06,2,1,0.5,0.5,,24.0,6,0.16869498180586373,0.10242301276453886,0.14503268874761538,0.12494995800079778,0.7251091003417969,ok
noise,mrgap,rp3,0,500,0.08,1,0,0.5,0.5,,11.0,2,0.21971495397245255,0.2106660117740875,0.2514403848735794,0.06004299997584894,0.3706321716308594,ok
noise,mrgap,rp3,0,500,0.08,2,0,0.5,0.5,,11.0,2,0.21971495397245255,0.20648894170049584,0.2524153414946956,0.12086341599933803,0.3836631774902344,ok
noise,mrgap,rp3,0,500,0.08,3,0,0.5,0.5,,11.0,1,0.21971495397245255,0.2030147563616542,0.25434664833675763,0.1821517079952173,0.3966255187988281,ok
noise,mrgap,rp3,0,500,0.08,4,0,0.5,0.5,,12.0,2,0.21971495397245255,0.20051507784928652,0.2559476542316893,0.24276495800586417,0.4120826721191406,ok
noise,mrgap,rp3,0,500,0.08,5,0,0.5,0.5,,13.0,2,0.21971495397245255,0.19979037241288855,0.2578322569192317,0.30325291701592505,0.4288139343261719,ok
noise,manifold_fitting,rp3,0,500,0.08,1,0,,,1.0,1.0,1,0.21971495397245255,0.11384068210962853,0.22903620921586249,0.058519500016700476,0.37075138092041016,ok
oracle,mrgap,rp3,0,500,0.08,2,0,0.5,0.5,,11.0,2,0.21971495397245255,0.20648894170049584,0.2524153414946956,0.12086341599933803,0.3836631774902344,ok
oracle,mrgap_oracle,rp3,0,500,0.08,2,1,0.5,0.5,,21.0,2,0.21971495397245255,0.11940389587113263,0.1855081569529882,0.12342462496599182,0.6275520324707031,ok
noise,mrgap,rp3,0,500,0.12,1,0,0.5,0.5,,5.0,1,0.3157977767204392,0.3137835321043229,0.37446042783419053,0.05791179102379829,0.24077987670898438,ok
noise,mrgap,rp3,0,500,0.12,2,0,0.5,0.5,,5.0,1,0.3157977767204392,0.3128776650610087,0.375225340562822,0.1163252079859376,0.24294281005859375,ok
noise,mrgap,rp3,0,500,0.12,3,0,0.5,0.5,,5.0,1,0.3157977767204392,0.31161776569691574,0.37564592512408995,0.1745346249663271,0.24294281005859375,ok
noise,mrgap,rp3,0,500,0.12,4,0,0.5,0.5,,5.0,1,0.3157977767204392,0.31061549384698317,0.3758737183541902,0.2318794169696048,0.24607086181640625,ok
noise,mrgap,rp3,0,500,0.12,5,0,0.5,0.5,,5.0,1,0.3157977767204392,0.3100269574670914,0.3764104872611665,0.28974999993806705,0.2520294189453125,ok
noise,manifold_fitting,rp3,0,500,0.12,1,0,,,1.0,1.0,1,0.3157977767204392,0.15069930339044052,0.2977185770037054,0.0614989580353722,0.5649785995483398,ok
oracle,mrgap,rp3,0,500,0.12,2,0,0.5,0.5,,5.0,1,0.3157977767204392,0.3128776650610087,0.375225340562822,0.1163252079859376,0.24294281005859375,ok
oracle,mrgap_oracle,rp3,0,500,0.12,2,1,0.5,0.5,,11.0,1,0.3157977767204392,0.2198627294340854,0.3077285814624764,0.1192164589301683,0.38796234130859375,ok
sample_size,mrgap,rp3,0,50,0.04,1,0,0.5,0.5,,2.0,1,0.11443662303019417,0.11442167219553796,0.12641803197445317,0.005742457986343652,0.022003173828125,ok
sample_size,mrgap,rp3,0,50,0.04,2,0,0.5,0.5,,2.0,1,0.11443662303019417,0.1143438987990788,0.12637805410506986,0.011454790947027504,0.022003173828125,ok
sample_size,mrgap,rp3,0,50,0.04,3,0,0.5,0.5,,2.0,1,0.11443662303019417,0.11444592607658775,0.12643146538180872,0.017080790945328772,0.022003173828125,ok
sample_size,mrgap,rp3,0,50,0.04,4,0,0.5,0.5,,2.0,1,0.11443662303019417,0.11456281870509367,0.12648084617523994,0.022671123908367008,0.022003173828125,ok
sample_size,mrgap,rp3,0,50,0.04,5,0,0.5,0.5,,2.0,1,0.11443662303019417,0.11464889598491301,0.12650453284671997,0.028285456879530102,0.022003173828125,ok
sample_size,manifold_fitting,rp3,0,50,0.04,1,0,,,1.0,1.0,1,0.11443662303019417,0.18233262260720734,0.38881693685266305,0.005510583985596895,0.02905559539794922,ok
sample_size,mrgap,rp3,0,100,0.04,1,0,0.5,0.5,,4.0,1,0.11492265945337529,0.11251692695826453,0.12336175094533149,0.011316791991703212,0.03807830810546875,ok
sample_size,mrgap,rp3,0,100,0.04,2,0,0.5,0.5,,4.0,1,0.11492265945337529,0.11231490150701401,0.12355189796842396,0.022942791983950883,0.03807830810546875,ok
sample_size,mrgap,rp3,0,100,0.04,3,0,0.5,0.5,,4.0,1,0.11492265945337529,0.11245326258665969,0.12425466070337174,0.03426162601681426,0.03807830810546875,ok
sample_size,mrgap,rp3,0,100,0.04,4,0,0.5,0.5,,4.0,1,0.11492265945337529,0.11312644833835014,0.1252255899493413,0.045495958998799324,0.03807830810546875,ok
sample_size,mrgap,rp3,0,100,0.04,5,0,0.5,0.5,,4.0,1,0.11492265945337529,0.11383608994717408,0.12640469834714504,0.05698745901463553,0.03807830810546875,ok
sample_size,manifold_fitting,rp3,0,100,0.04,1,0,,,1.0,1.0,1,0.11492265945337529,0.14604372226074716,0.29201537665945554,0.010911624995060265,0.052582740783691406,ok
sample_size,mrgap,rp3,0,250,0.04,1,0,0.5,0.5,,9.0,2,0.11089189282955315,0.0980047156331957,0.11629797348309491,0.02936829102691263,0.10630035400390625,ok
sample_size,mrgap,rp3,0,250,0.04,2,0,0.5,0.5,,10.0,2,0.11089189282955315,0.09584102136702935,0.12063283425730575,0.05892033304553479,0.11066436767578125,ok
sample_size,mrgap,rp3,0,250,0.04,3,0,0.5,0.5,,11.0,2,0.11089189282955315,0.09835491062336667,0.12547659040749595,0.08828995807562023,0.11571502685546875,ok
sample_size,mrgap,rp3,0,250,0.04,4,0,0.5,0.5,,11.0,3,0.11089189282955315,0.10294030736661565,0.13170288287983647,0.11803620803402737,0.11832427978515625,ok
sample_size,mrgap,rp3,0,250,0.04,5,0,0.5,0.5,,11.5,3,0.11089189282955315,0.10859738287589338,0.13866416986248115,0.1476362079847604,0.12120819091796875,ok
sample_size,manifold_fitting,rp3,0,250,0.04,1,0,,,1.0,1.0,1,0.11089189282955315,0.09704316537198869,0.21877212444301442,0.026947541977278888,0.12549686431884766,ok
sample_size,mrgap,rp3,0,500,0.04,1,0,0.5,0.5,,18.0,7,0.11303301247617815,0.08603264582304386,0.1181985157988684,0.08109508303459734,0.5625839233398438,ok
sample_size,mrgap,rp3,0,500,0.04,2,0,0.5,0.5,,21.0,10,0.11303301247617815,0.08446507538368661,0.12615681104114151,0.1458856250392273,0.6297264099121094,ok
sample_size,mrgap,rp3,0,500,0.04,3,0,0.5,0.5,,24.0,11,0.11303301247617815,0.08908227802824167,0.13479624342161786,0.2109825000516139,0.6774711608886719,ok
sample_size,mrgap,rp3,0,500,0.04,4,0,0.5,0.5,,26.0,12,0.11303301247617815,0.097359522949178,0.14480847473712685,0.27727800008142367,0.7195320129394531,ok
sample_size,mrgap,rp3,0,500,0.04,5,0,0.5,0.5,,27.0,12,0.11303301247617815,0.10737273690631761,0.15442584081342467,0.3441733330837451,0.7717514038085938,ok
sample_size,manifold_fitting,rp3,0,500,0.04,1,0,,,1.0,1.0,1,0.11303301247617815,0.08016172554310401,0.18157354780255172,0.05583079200005159,0.28734683990478516,ok
sample_size,mrgap,rp3,0,1000,0.04,1,0,0.5,0.5,,34.0,13,0.11571558251143275,0.07837115421488963,0.12241014531797584,0.14941374998306856,2.4414710998535156,ok
sample_size,mrgap,rp3,0,1000,0.04,2,0,0.5,0.5,,42.0,19,0.11571558251143275,0.07209696496455537,0.12969539757281875,0.30694170796778053,2.8986549377441406,ok
sample_size,mrgap,rp3,0,1000,0.04,3,0,0.5,0.5,,44.0,24,0.11571558251143275,0.07095590693427953,0.13203583288128123,0.466168166953139,3.010883331298828,ok
sample_size,mrgap,rp3,0,1000,0.04,4,0,0.5,0.5,,45.0,24,0.11571558251143275,0.07080302447907587,0.13431069601238427,0.6269513339502737,3.0913734436035156,ok
sample_size,mrgap,rp3,0,1000,0.04,5,0,0.5,0.5,,46.0,26,0.11571558251143275,0.0711624153353269,0.13521286035586053,0.7889464589534327,3.148448944091797,ok
sample_size,manifold_fitting,rp3,0,1000,0.04,1,0,,,1.0,1.0,1,0.11571558251143275,0.0704084995196683,0.15244166206363055,0.11354408401530236,0.6177883148193359,ok
sample_size,mrgap,rp3,0,5000,0.04,1,0,0.5,0.5,,165.0,91,0.11493054217693921,nan,nan,nan,nan,skipped_resource_guard
sample_size,mrgap,rp3,0,5000,0.04,2,0,0.5,0.5,,165.0,91,0.11493054217693921,nan,nan,nan,nan,skipped_resource_guard
sample_size,mrgap,rp3,0,5000,0.04,3,0,0.5,0.5,,165.0,91,0.11493054217693921,nan,nan,nan,nan,skipped_resource_guard
sample_size,mrgap,rp3,0,5000,0.04,4,0,0.5,0.5,,165.0,91,0.11493054217693921,nan,nan,nan,nan,skipped_resource_guard
sample_size,mrgap,rp3,0,5000,0.04,5,0,0.5,0.5,,165.0,91,0.11493054217693921,nan,nan,nan,nan,skipped_resource_guard
sample_size,manifold_fitting,rp3,0,5000,0.04,1,0,,,,1.0,1,0.11493054217693921,0.06108585973381722,0.11082068879132258,0.5957553340122104,3.537041664123535,ok
bandwidth_mrgap,mrgap,rp3,0,500,0.04,2,0,0.2,0.5,,2.0,1,0.11489100199726544,0.12769320903508466,0.21048178175694868,0.12430437502916902,0.49826812744140625,ok
bandwidth_mrgap,mrgap,rp3,0,500,0.04,2,0,0.3,0.5,,5.0,1,0.11489100199726544,0.11302733582496635,0.19099127129261792,0.1269359579309821,0.4982795715332031,ok
bandwidth_mrgap,mrgap,rp3,0,500,0.04,2,0,0.4,0.5,,11.0,4,0.11489100199726544,0.09775426176963076,0.17078057084439272,0.12787874997593462,0.5246391296386719,ok
bandwidth_mrgap,mrgap,rp3,0,500,0.04,2,0,0.5,0.5,,21.0,10,0.11489100199726544,0.0867301268806632,0.12757632671363114,0.12633404100779444,0.6229515075683594,ok
bandwidth_mf,manifold_fitting,rp3,0,500,0.04,1,0,,,0.5,1.0,1,0.11489100199726544,0.08124129869498202,0.17776160444835434,0.05415345897199586,0.26228809356689453,ok
bandwidth_mf,manifold_fitting,rp3,0,500,0.04,1,0,,,0.75,1.0,1,0.11489100199726544,0.08124129869498202,0.17776160444835434,0.05503191699972376,0.26710987091064453,ok
bandwidth_mf,manifold_fitting,rp3,0,500,0.04,1,0,,,1.0,1.0,1,0.11489100199726544,0.08124129869498202,0.17776160444835434,0.054739666054956615,0.28297996520996094,ok
bandwidth_mf,manifold_fitting,rp3,0,500,0.04,1,0,,,1.25,1.0,1,0.11489100199726544,0.08124129869498202,0.17776160444835434,0.05640737502835691,0.31592655181884766,ok
bandwidth_mf,manifold_fitting,rp3,0,500,0.04,1,0,,,1.5,1.0,1,0.11489100199726544,0.08124129869498202,0.17776160444835434,0.057882666995283216,0.3676748275756836,ok
bandwidth_mf,manifold_fitting,rp3,0,500,0.04,1,0,,,2.0,2.0,1,0.11489100199726544,0.08145762923931228,0.17837486718623688,0.060295333969406784,0.5574884414672852,ok
noise,mrgap,torus,0,500,0.0,1,0,0.8,1.0,,18.0,8,0.0,0.017247047606688534,0.020906443723945175,0.06281916704028845,0.6366119384765625,ok
noise,mrgap,torus,0,500,0.0,2,0,0.8,1.0,,18.0,9,0.0,0.01919678258602561,0.0224108816361852,0.1255610420485027,0.6459426879882812,ok
noise,mrgap,torus,0,500,0.0,3,0,0.8,1.0,,18.0,9,0.0,0.02852238876747692,0.030775871136825974,0.18636266700923443,0.6459426879882812,ok
noise,mrgap,torus,0,500,0.0,4,0,0.8,1.0,,17.0,9,0.0,0.0404492397546393,0.04209759508541946,0.24759654205990955,0.6459426879882812,ok
noise,mrgap,torus,0,500,0.0,5,0,0.8,1.0,,17.0,9,0.0,0.05265806227062168,0.053980150654219725,0.3083170420723036,0.6459426879882812,ok
noise,manifold_fitting,torus,0,500,0.0,1,0,,,1.0,1.0,1,0.0,0.0,0.0,3.333028871566057e-06,0.011562347412109375,sigma_zero_identity
oracle,mrgap,torus,0,500,0.0,2,0,0.8,1.0,,18.0,9,0.0,0.01919678258602561,0.0224108816361852,0.1255610420485027,0.6459426879882812,ok
oracle,mrgap_oracle,torus,0,500,0.0,2,1,0.8,1.0,,18.0,9,0.0,0.016649394516671894,0.016649394516671894,0.12554258306045085,0.6447677612304688,ok
noise,mrgap,torus,0,500,0.01,1,0,0.8,1.0,,17.0,7,0.016184261883961642,0.021099240084493782,0.022061187705222758,0.06125249998876825,0.6442756652832031,ok
noise,mrgap,torus,0,500,0.01,2,0,0.8,1.0,,18.0,8,0.016184261883961642,0.022902551965751486,0.023874813548343102,0.12369708297774196,0.6513175964355469,ok
noise,mrgap,torus,0,500,0.01,3,0,0.8,1.0,,17.0,8,0.016184261883961642,0.03156126409303695,0.032327360947868124,0.18579879199387506,0.6513175964355469,ok
noise,mrgap,torus,0,500,0.01,4,0,0.8,1.0,,17.0,8,0.016184261883961642,0.043032509909428356,0.04367925925007606,0.24698770901886746,0.6513175964355469,ok
noise,mrgap,torus,0,500,0.01,5,0,0.8,1.0,,17.0,8,0.016184261883961642,0.05457326524247466,0.05518268005073187,0.30787191702984273,0.6513175964355469,ok
noise,manifold_fitting,torus,0,500,0.01,1,0,,,1.0,1.0,1,0.016184261883961642,0.04754650471598959,0.21451213133725447,0.054020000039599836,0.21304798126220703,ok
oracle,mrgap,torus,0,500,0.01,2,0,0.8,1.0,,18.0,8,0.016184261883961642,0.022902551965751486,0.023874813548343102,0.12369708297774196,0.6513175964355469,ok
oracle,mrgap_oracle,torus,0,500,0.01,2,1,0.8,1.0,,17.0,7,0.016184261883961642,0.02066662357547297,0.02152342852427491,0.12490979197900742,0.6504096984863281,ok
noise,mrgap,torus,0,500,0.02,1,0,0.8,1.0,,17.0,7,0.029299570185991552,0.02944481808823845,0.03496671102554306,0.061924499983433634,0.64544677734375,ok
noise,mrgap,torus,0,500,0.02,2,0,0.8,1.0,,18.0,7,0.029299570185991552,0.02982747405428279,0.036647481034283086,0.12356395897222683,0.6536712646484375,ok
noise,mrgap,torus,0,500,0.02,3,0,0.8,1.0,,17.0,9,0.029299570185991552,0.03457489132831909,0.04102652295272115,0.1862094179377891,0.6536712646484375,ok
noise,mrgap,torus,0,500,0.02,4,0,0.8,1.0,,17.0,8,0.029299570185991552,0.042228983408956484,0.04788815171921451,0.2469882519217208,0.6536712646484375,ok
noise,mrgap,torus,0,500,0.02,5,0,0.8,1.0,,17.0,7,0.029299570185991552,0.050505641153908654,0.0555901785216776,0.30764700192958117,0.6536712646484375,ok
noise,manifold_fitting,torus,0,500,0.02,1,0,,,1.0,1.0,1,0.029299570185991552,0.04967545109424368,0.2059715210377433,0.05372062500100583,0.22058582305908203,ok
oracle,mrgap,torus,0,500,0.02,2,0,0.8,1.0,,18.0,7,0.029299570185991552,0.02982747405428279,0.036647481034283086,0.12356395897222683,0.6536712646484375,ok
oracle,mrgap_oracle,torus,0,500,0.02,2,1,0.8,1.0,,18.0,7,0.029299570185991552,0.027214879280194813,0.0326328959481473,0.1232325000455603,0.6525650024414062,ok
noise,mrgap,torus,0,500,0.04,1,0,0.8,1.0,,17.0,6,0.04861798584584098,0.03800133857339759,0.06600100575714948,0.060535124968737364,0.6358566284179688,ok
noise,mrgap,torus,0,500,0.04,2,0,0.8,1.0,,17.0,9,0.04861798584584098,0.03770285497698369,0.06690435594788095,0.12133954197634012,0.6451873779296875,ok
noise,mrgap,torus,0,500,0.04,3,0,0.8,1.0,,17.0,9,0.04861798584584098,0.044614070355815286,0.07133881134504749,0.18265104200690985,0.6451873779296875,ok
noise,mrgap,torus,0,500,0.04,4,0,0.8,1.0,,17.0,9,0.04861798584584098,0.055044775018206496,0.07862311515413775,0.24411120801232755,0.6451873779296875,ok
noise,mrgap,torus,0,500,0.04,5,0,0.8,1.0,,17.0,9,0.04861798584584098,0.06654746668488681,0.08740670174585832,0.30581945803714916,0.6451873779296875,ok
noise,manifold_fitting,torus,0,500,0.04,1,0,,,1.0,1.0,1,0.04861798584584098,0.0510627556930894,0.21840610219463577,0.05447920900769532,0.2397594451904297,ok
oracle,mrgap,torus,0,500,0.04,2,0,0.8,1.0,,17.0,9,0.04861798584584098,0.03770285497698369,0.06690435594788095,0.12133954197634012,0.6451873779296875,ok
oracle,mrgap_oracle,torus,0,500,0.04,2,1,0.8,1.0,,17.0,8,0.04861798584584098,0.03728358624829556,0.062235065769511495,0.12476808304199949,0.6430282592773438,ok
noise,mrgap,torus,0,500,0.06,1,0,0.8,1.0,,17.0,7,0.06879443254135763,0.048083294529777915,0.09460082467211417,0.06075108301592991,0.6310234069824219,ok
noise,mrgap,torus,0,500,0.06,2,0,0.8,1.0,,18.0,8,0.06879443254135763,0.04255683365663215,0.09234242617963873,0.12221308302832767,0.6440315246582031,ok
noise,mrgap,torus,0,500,0.06,3,0,0.8,1.0,,17.0,8,0.06879443254135763,0.04669682919079744,0.09457792842120673,0.18414424901129678,0.6440315246582031,ok
noise,mrgap,torus,0,500,0.06,4,0,0.8,1.0,,17.0,8,0.06879443254135763,0.05471811522121296,0.09907185841742684,0.24520733201643452,0.6440315246582031,ok
noise,mrgap,torus,0,500,0.06,5,0,0.8,1.0,,17.0,8,0.06879443254135763,0.06431274711356282,0.10493381837947578,0.3051227070391178,0.6440315246582031,ok
noise,manifold_fitting,torus,0,500,0.06,1,0,,,1.0,2.0,1,0.06879443254135763,0.05575701557633504,0.22844048643033643,0.05544854199979454,0.2643308639526367,ok
oracle,mrgap,torus,0,500,0.06,2,0,0.8,1.0,,18.0,8,0.06879443254135763,0.04255683365663215,0.09234242617963873,0.12221308302832767,0.6440315246582031,ok
oracle,mrgap_oracle,torus,0,500,0.06,2,1,0.8,1.0,,18.0,7,0.06879443254135763,0.04214255106956184,0.08892102574472895,0.12308383401250467,0.6402626037597656,ok
noise,mrgap,torus,0,500,0.08,1,0,0.8,1.0,,16.5,7,0.08824344055910582,0.05585751187567016,0.12620162496278448,0.06086866598343477,0.6355743408203125,ok
noise,mrgap,torus,0,500,0.08,2,0,0.8,1.0,,17.0,7,0.08824344055910582,0.04645524245585551,0.12522886247868087,0.12339433300076053,0.6497459411621094,ok
noise,mrgap,torus,0,500,0.08,3,0,0.8,1.0,,17.0,7,0.08824344055910582,0.04839393789138159,0.12660008996700248,0.18424616695847362,0.6497459411621094,ok
noise,mrgap,torus,0,500,0.08,4,0,0.8,1.0,,17.0,7,0.08824344055910582,0.055414902455988076,0.1301897901989139,0.24478683393681422,0.6497459411621094,ok
noise,mrgap,torus,0,500,0.08,5,0,0.8,1.0,,16.0,7,0.08824344055910582,0.06439159764906448,0.13461212276924456,0.31292054190998897,0.6497459411621094,ok
noise,manifold_fitting,torus,0,500,0.08,1,0,,,1.0,2.0,1,0.08824344055910582,0.054450177341846956,0.24762313961642934,0.05560795799829066,0.2978391647338867,ok
oracle,mrgap,torus,0,500,0.08,2,0,0.8,1.0,,17.0,7,0.08824344055910582,0.04645524245585551,0.12522886247868087,0.12339433300076053,0.6497459411621094,ok
oracle,mrgap_oracle,torus,0,500,0.08,2,1,0.8,1.0,,17.0,9,0.08824344055910582,0.044894822765569525,0.11802289716467713,0.1234921250725165,0.6472511291503906,ok
noise,mrgap,torus,0,500,0.12,1,0,0.8,1.0,,17.0,7,0.1257451123546198,0.08681179938463979,0.2006346221489232,0.062092125008348376,0.6155052185058594,ok
noise,mrgap,torus,0,500,0.12,2,0,0.8,1.0,,18.0,8,0.1257451123546198,0.07109577231546697,0.20403584040264908,0.12350012495880947,0.6389007568359375,ok
noise,mrgap,torus,0,500,0.12,3,0,0.8,1.0,,18.0,8,0.1257451123546198,0.06748447691496891,0.2029546199157359,0.18608595797559246,0.6389007568359375,ok
noise,mrgap,torus,0,500,0.12,4,0,0.8,1.0,,17.0,9,0.1257451123546198,0.06917364526397217,0.204688665247447,0.2473775409744121,0.6389007568359375,ok
noise,mrgap,torus,0,500,0.12,5,0,0.8,1.0,,17.0,9,0.1257451123546198,0.07418572808804524,0.20723914547036934,0.30968824902083725,0.6389007568359375,ok
noise,manifold_fitting,torus,0,500,0.12,1,0,,,1.0,3.5,1,0.1257451123546198,0.06911121758503805,0.27307836886488307,0.05583920801291242,0.3820791244506836,ok
oracle,mrgap,torus,0,500,0.12,2,0,0.8,1.0,,18.0,8,0.1257451123546198,0.07109577231546697,0.20403584040264908,0.12350012495880947,0.6389007568359375,ok
oracle,mrgap_oracle,torus,0,500,0.12,2,1,0.8,1.0,,18.0,8,0.1257451123546198,0.06698633187543994,0.18145169035488182,0.12327591702342033,0.6402053833007812,ok
sample_size,mrgap,torus,0,50,0.12,1,0,0.8,1.0,,2.0,1,0.13125732292159667,0.14388448896906625,0.2539434238143517,0.005532749986741692,0.0164947509765625,ok
sample_size,mrgap,torus,0,50,0.12,2,0,0.8,1.0,,3.0,1,0.13125732292159667,0.14810901447400024,0.25692653585695,0.011020665988326073,0.01663970947265625,ok
sample_size,mrgap,torus,0,50,0.12,3,0,0.8,1.0,,3.0,1,0.13125732292159667,0.15489612838649733,0.26346295557479443,0.01654929097276181,0.01663970947265625,ok
sample_size,mrgap,torus,0,50,0.12,4,0,0.8,1.0,,3.0,1,0.13125732292159667,0.1601209196551278,0.26453513198463696,0.022148373944219202,0.01663970947265625,ok
sample_size,mrgap,torus,0,50,0.12,5,0,0.8,1.0,,3.0,1,0.13125732292159667,0.16347626062208437,0.26779759504030765,0.02764833194669336,0.01663970947265625,ok
sample_size,manifold_fitting,torus,0,50,0.12,1,0,,,1.0,1.0,1,0.13125732292159667,0.3780530818390882,0.7251166530670858,0.0055565000511705875,0.02432537078857422,ok
sample_size,mrgap,torus,0,100,0.12,1,0,0.8,1.0,,4.0,1,0.12264978145865443,0.12147703563053121,0.22163983807818102,0.011089999985415488,0.0302276611328125,ok
sample_size,mrgap,torus,0,100,0.12,2,0,0.8,1.0,,4.0,1,0.12264978145865443,0.12635123278463997,0.2277490541787343,0.02202533296076581,0.0307769775390625,ok
sample_size,mrgap,torus,0,100,0.12,3,0,0.8,1.0,,4.0,1,0.12264978145865443,0.13165605225468568,0.2309387327992238,0.03296112397219986,0.03104400634765625,ok
sample_size,mrgap,torus,0,100,0.12,4,0,0.8,1.0,,4.0,1,0.12264978145865443,0.13890198142099702,0.23868943452524458,0.04388987395213917,0.03137969970703125,ok
sample_size,mrgap,torus,0,100,0.12,5,0,0.8,1.0,,4.0,1,0.12264978145865443,0.1498946612171409,0.24722045775361234,0.054955289931967854,0.03137969970703125,ok
sample_size,manifold_fitting,torus,0,100,0.12,1,0,,,1.0,2.0,1,0.12264978145865443,0.20492392189420935,0.5149034144511405,0.010840083006769419,0.04516315460205078,ok
sample_size,mrgap,torus,0,250,0.12,1,0,0.8,1.0,,8.0,1,0.12907266784812058,0.097662380653033,0.21734980095965648,0.027921041997615248,0.0984954833984375,ok
sample_size,mrgap,torus,0,250,0.12,2,0,0.8,1.0,,9.0,4,0.12907266784812058,0.08387024624892847,0.219424331342373,0.056114626000635326,0.1022796630859375,ok
sample_size,mrgap,torus,0,250,0.12,3,0,0.8,1.0,,9.0,5,0.12907266784812058,0.0815745644371411,0.2214944822514816,0.08393000101204962,0.1022796630859375,ok
sample_size,mrgap,torus,0,250,0.12,4,0,0.8,1.0,,9.0,5,0.12907266784812058,0.08048511240032168,0.2247179415832173,0.11237937601981685,0.103485107421875,ok
sample_size,mrgap,torus,0,250,0.12,5,0,0.8,1.0,,9.5,4,0.12907266784812058,0.08186790978843518,0.22355480225935775,0.14062504301546142,0.103485107421875,ok
sample_size,manifold_fitting,torus,0,250,0.12,1,0,,,1.0,3.0,1,0.12907266784812058,0.08558382473051776,0.35138339956470527,0.026802832959219813,0.1132211685180664,ok
sample_size,mrgap,torus,0,500,0.12,1,0,0.8,1.0,,17.0,6,0.12539068300290687,0.08772299273574242,0.2007515726921864,0.060795791971031576,0.6337738037109375,ok
sample_size,mrgap,torus,0,500,0.12,2,0,0.8,1.0,,18.0,8,0.12539068300290687,0.06740333610505121,0.1994709820143315,0.12208279193146154,0.6556892395019531,ok
sample_size,mrgap,torus,0,500,0.12,3,0,0.8,1.0,,18.0,9,0.12539068300290687,0.05835478141783411,0.2008029356447691,0.18404233391629532,0.6556892395019531,ok
sample_size,mrgap,torus,0,500,0.12,4,0,0.8,1.0,,17.0,9,0.12539068300290687,0.057332655519462414,0.2006236995399296,0.2457017928827554,0.6556892395019531,ok
sample_size,mrgap,torus,0,500,0.12,5,0,0.8,1.0,,17.0,9,0.12539068300290687,0.06209850312488634,0.20328120332948937,0.30771983484737575,0.6556892395019531,ok
sample_size,manifold_fitting,torus,0,500,0.12,1,0,,,1.0,4.0,1,0.12539068300290687,0.07291239411788177,0.2852766538950766,0.05641895899316296,0.3855400085449219,ok
sample_size,mrgap,torus,0,1000,0.12,1,0,0.8,1.0,,33.0,14,0.12794594866247044,0.07259185165601538,0.19092392365675093,0.1502844170317985,2.9351234436035156,ok
sample_size,mrgap,torus,0,1000,0.12,2,0,0.8,1.0,,35.0,15,0.12794594866247044,0.05584533378860303,0.19174279499666097,0.30379941704450175,3.040081024169922,ok
sample_size,mrgap,torus,0,1000,0.12,3,0,0.8,1.0,,34.0,16,0.12794594866247044,0.06210189073214219,0.19640063902377536,0.4538120840443298,3.040081024169922,ok
sample_size,mrgap,torus,0,1000,0.12,4,0,0.8,1.0,,33.0,15,0.12794594866247044,0.0774636189475245,0.20318073098613515,0.6033054590807296,3.040081024169922,ok
sample_size,mrgap,torus,0,1000,0.12,5,0,0.8,1.0,,32.0,16,0.12794594866247044,0.09509914535720453,0.21186303528261222,0.7496188341174275,3.040081024169922,ok
sample_size,manifold_fitting,torus,0,1000,0.12,1,0,,,1.0,5.0,1,0.12794594866247044,0.06229241299780756,0.23505193915981518,0.11920766701223329,1.1802587509155273,ok
sample_size,mrgap,torus,0,5000,0.12,1,0,0.8,1.0,,161.0,60,0.12247193115251605,nan,nan,nan,nan,skipped_resource_guard
sample_size,mrgap,torus,0,5000,0.12,2,0,0.8,1.0,,161.0,60,0.12247193115251605,nan,nan,nan,nan,skipped_resource_guard
sample_size,mrgap,torus,0,5000,0.12,3,0,0.8,1.0,,161.0,60,0.12247193115251605,nan,nan,nan,nan,skipped_resource_guard
sample_size,mrgap,torus,0,5000,0.12,4,0,0.8,1.0,,161.0,60,0.12247193115251605,nan,nan,nan,nan,skipped_resource_guard
sample_size,mrgap,torus,0,5000,0.12,5,0,0.8,1.0,,161.0,60,0.12247193115251605,nan,nan,nan,nan,skipped_resource_guard
sample_size,manifold_fitting,torus,0,5000,0.12,1,0,,,,10.0,1,0.12247193115251605,0.04914832406131083,0.1966480543924782,0.788087084016297,16.18810749053955,ok
bandwidth_mrgap,mrgap,torus,0,500,0.12,2,0,0.3,1.0,,3.0,1,0.13107640154572436,0.1219635791392116,0.31440484929091933,0.11942766600986943,0.49605560302734375,ok
bandwidth_mrgap,mrgap,torus,0,500,0.12,2,0,0.5,1.0,,7.0,2,0.13107640154572436,0.09638249186260564,0.2533774624617654,0.12069466797402129,0.5481338500976562,ok
bandwidth_mrgap,mrgap,torus,0,500,0.12,2,0,0.7,1.0,,14.0,4,0.13107640154572436,0.07553940594360255,0.22072491558712198,0.12280325096799061,0.605804443359375,ok
bandwidth_mrgap,mrgap,torus,0,500,0.12,2,0,0.8,1.0,,18.0,7,0.13107640154572436,0.0696878945085316,0.20822477325984773,0.12345854297745973,0.6489791870117188,ok
bandwidth_mrgap,mrgap,torus,0,500,0.12,2,0,1.0,1.0,,28.0,15,0.13107640154572436,0.07247770038453821,0.2006940615766158,0.12470074999146163,0.7699623107910156,ok
bandwidth_mf,manifold_fitting,torus,0,500,0.12,1,0,,,0.5,1.0,1,0.13107640154572436,0.07043655187552643,0.2749747049110669,0.05757195898331702,0.2434701919555664,ok
bandwidth_mf,manifold_fitting,torus,0,500,0.12,1,0,,,0.75,2.0,1,0.13107640154572436,0.07011449652010637,0.2759308529787891,0.05576762498822063,0.3025093078613281,ok
bandwidth_mf,manifold_fitting,torus,0,500,0.12,1,0,,,1.0,4.0,1,0.13107640154572436,0.07166310281630685,0.2797486775921058,0.05650354200042784,0.3871307373046875,ok
bandwidth_mf,manifold_fitting,torus,0,500,0.12,1,0,,,1.25,5.0,1,0.13107640154572436,0.07597579756921265,0.28514945186815616,0.05893687502248213,0.5008687973022461,ok
bandwidth_mf,manifold_fitting,torus,0,500,0.12,1,0,,,1.5,7.0,1,0.13107640154572436,0.09277024414213418,0.3100422325398213,0.061428084038197994,0.6434049606323242,ok
bandwidth_mf,manifold_fitting,torus,0,500,0.12,1,0,,,2.0,12.0,2,0.13107640154572436,0.16164860995817454,0.4153356399623748,0.07121720799477771,1.0586528778076172,ok
noise,mrgap,half_torus,0,400,0.0,1,0,1.0,1.0,,27.0,10,0.0,0.013271640451352576,0.01328334462227093,0.049384707992430776,0.5291824340820312,ok
noise,mrgap,half_torus,0,400,0.0,2,0,1.0,1.0,,27.0,10,0.0,0.02183759422426831,0.021855242566728453,0.09976841596653685,0.5291824340820312,ok
noise,mrgap,half_torus,0,400,0.0,3,0,1.0,1.0,,27.0,10,0.0,0.03068073646333985,0.030728024069403455,0.14852020796388388,0.5291824340820312,ok
noise,mrgap,half_torus,0,400,0.0,4,0,1.0,1.0,,27.0,10,0.0,0.039062161677309845,0.03914314764426057,0.19761837495025247,0.5291824340820312,ok
noise,mrgap,half_torus,0,400,0.0,5,0,1.0,1.0,,26.0,10,0.0,0.04699174763416081,0.047101679969855634,0.24654179194476455,0.5291824340820312,ok
noise,manifold_fitting,half_torus,0,400,0.0,1,0,,,1.0,1.0,1,0.0,0.0,0.0,3.833032678812742e-06,0.009273529052734375,sigma_zero_identity
oracle,mrgap,half_torus,0,400,0.0,2,0,1.0,1.0,,27.0,10,0.0,0.02183759422426831,0.021855242566728453,0.09976841596653685,0.5291824340820312,ok
oracle,mrgap_oracle,half_torus,0,400,0.0,2,1,1.0,1.0,,27.0,10,0.0,0.026764913918809825,0.026764913918809825,0.09990583301987499,0.527557373046875,ok
noise,mrgap,half_torus,0,400,0.01,1,0,1.0,1.0,,27.0,13,0.016416922916228954,0.018199745235030904,0.019367060399118636,0.048955999955069274,0.5233154296875,ok
noise,mrgap,half_torus,0,400,0.01,2,0,1.0,1.0,,27.0,13,0.016416922916228954,0.023936892002085968,0.024928462750701513,0.09711316594621167,0.5233154296875,ok
noise,mrgap,half_torus,0,400,0.01,3,0,1.0,1.0,,27.0,13,0.016416922916228954,0.031027193306705295,0.03189396408209954,0.1465933748986572,0.5233154296875,ok
noise,mrgap,half_torus,0,400,0.01,4,0,1.0,1.0,,27.0,13,0.016416922916228954,0.038217733012382384,0.03904610601275624,0.19520845788065344,0.5233154296875,ok
noise,mrgap,half_torus,0,400,0.01,5,0,1.0,1.0,,26.0,14,0.016416922916228954,0.04560034048436823,0.0464243831238257,0.24450220784638077,0.5233154296875,ok
noise,manifold_fitting,half_torus,0,400,0.01,1,0,,,1.0,1.0,1,0.016416922916228954,0.0443602140689059,0.21102787672750006,0.04403754201484844,0.16840076446533203,ok
oracle,mrgap,half_torus,0,400,0.01,2,0,1.0,1.0,,27.0,13,0.016416922916228954,0.023936892002085968,0.024928462750701513,0.09711316594621167,0.5233154296875,ok
oracle,mrgap_oracle,half_torus,0,400,0.01,2,1,1.0,1.0,,27.0,14,0.016416922916228954,0.02858357175687152,0.029168394547938348,0.10145504196407273,0.521759033203125,ok
noise,mrgap,half_torus,0,400,0.02,1,0,1.0,1.0,,28.0,15,0.028876382692086193,0.02623040654982936,0.0328921153250424,0.04902962502092123,0.5297660827636719,ok
noise,mrgap,half_torus,0,400,0.02,2,0,1.0,1.0,,28.0,16,0.028876382692086193,0.030548520174671277,0.03656737968246177,0.09819049999350682,0.5297660827636719,ok
noise,mrgap,half_torus,0,400,0.02,3,0,1.0,1.0,,27.0,15,0.028876382692086193,0.03661532074094248,0.041894298453766216,0.14792429096996784,0.5297660827636719,ok
noise,mrgap,half_torus,0,400,0.02,4,0,1.0,1.0,,27.0,15,0.028876382692086193,0.04309346208869071,0.047850753693822246,0.19640854094177485,0.5297660827636719,ok
noise,mrgap,half_torus,0,400,0.02,5,0,1.0,1.0,,27.0,15,0.028876382692086193,0.049767506368248296,0.0541161086115987,0.24542104097781703,0.5297660827636719,ok
noise,manifold_fitting,half_torus,0,400,0.02,1,0,,,1.0,1.0,1,0.028876382692086193,0.0516044767914741,0.20697666034961282,0.04235816700384021,0.1685161590576172,ok
oracle,mrgap,half_torus,0,400,0.02,2,0,1.0,1.0,,28.0,16,0.028876382692086193,0.030548520174671277,0.03656737968246177,0.09819049999350682,0.5297660827636719,ok
oracle,mrgap_oracle,half_torus,0,400,0.02,2,1,1.0,1.0,,27.0,16,0.028876382692086193,0.03352053868112998,0.03861323730341958,0.10145374992862344,0.5282096862792969,ok
noise,mrgap,half_torus,0,400,0.04,1,0,1.0,1.0,,27.0,9,0.04675359025733459,0.03183502570310034,0.05804198584051763,0.04923254199093208,0.5178298950195312,ok
noise,mrgap,half_torus,0,400,0.04,2,0,1.0,1.0,,28.0,9,0.04675359025733459,0.0337817584334966,0.059393489549825026,0.09951174998423085,0.5188255310058594,ok
noise,mrgap,half_torus,0,400,0.04,3,0,1.0,1.0,,27.0,9,0.04675359025733459,0.03826482851433292,0.06218894156692432,0.1483565829694271,0.5188255310058594,ok
noise,mrgap,half_torus,0,400,0.04,4,0,1.0,1.0,,27.0,9,0.04675359025733459,0.04366532960503507,0.0658488467454011,0.1980213740025647,0.5188255310058594,ok
noise,mrgap,half_torus,0,400,0.04,5,0,1.0,1.0,,27.0,9,0.04675359025733459,0.049814321515929495,0.07015142166181625,0.24806199898011982,0.5188255310058594,ok
noise,manifold_fitting,half_torus,0,400,0.04,1,0,,,1.0,1.0,1,0.04675359025733459,0.0462123915838295,0.2065053804639564,0.04328725003870204,0.1839275360107422,ok
oracle,mrgap,half_torus,0,400,0.04,2,0,1.0,1.0,,28.0,9,0.04675359025733459,0.0337817584334966,0.059393489549825026,0.09951174998423085,0.5188255310058594,ok
oracle,mrgap_oracle,half_torus,0,400,0.04,2,1,1.0,1.0,,27.0,9,0.04675359025733459,0.0368779604118459,0.06057787285659307,0.09948445798363537,0.51629638671875,ok
noise,mrgap,half_torus,0,400,0.06,1,0,1.0,1.0,,28.0,11,0.06625178683177911,0.03771441528548626,0.09359990038829658,0.05027312500169501,0.5372428894042969,ok
noise,mrgap,half_torus,0,400,0.06,2,0,1.0,1.0,,28.0,11,0.06625178683177911,0.03689036714244788,0.09387533690127543,0.10035775002324954,0.5415687561035156,ok
noise,mrgap,half_torus,0,400,0.06,3,0,1.0,1.0,,27.0,11,0.06625178683177911,0.04055668906409951,0.09549412957544186,0.14975400001276284,0.5415687561035156,ok
noise,mrgap,half_torus,0,400,0.06,4,0,1.0,1.0,,27.0,11,0.06625178683177911,0.045819326820071074,0.09794057069503906,0.19874025002354756,0.5415687561035156,ok
noise,mrgap,half_torus,0,400,0.06,5,0,1.0,1.0,,27.0,11,0.06625178683177911,0.05159103678051858,0.10083494926141935,0.24795225000707433,0.5415687561035156,ok
noise,manifold_fitting,half_torus,0,400,0.06,1,0,,,1.0,2.0,1,0.06625178683177911,0.04397547618824135,0.21939937181275548,0.043857332959305495,0.2058115005493164,ok
oracle,mrgap,half_torus,0,400,0.06,2,0,1.0,1.0,,28.0,11,0.06625178683177911,0.03689036714244788,0.09387533690127543,0.10035775002324954,0.5415687561035156,ok
oracle,mrgap_oracle,half_torus,0,400,0.06,2,1,1.0,1.0,,27.0,11,0.06625178683177911,0.039588391407407726,0.09098182120364076,0.10039537603734061,0.5376472473144531,ok
noise,mrgap,half_torus,0,400,0.08,1,0,1.0,1.0,,28.0,11,0.08293607856612513,0.043938270840311155,0.12355959429942222,0.049016374978236854,0.522796630859375,ok
noise,mrgap,half_torus,0,400,0.08,2,0,1.0,1.0,,29.0,12,0.08293607856612513,0.03880054292997315,0.1223682257737307,0.09832954197190702,0.5365982055664062,ok
noise,mrgap,half_torus,0,400,0.08,3,0,1.0,1.0,,29.0,12,0.08293607856612513,0.038282942955613325,0.12217617658672245,0.14796358294552192,0.5365982055664062,ok
noise,mrgap,half_torus,0,400,0.08,4,0,1.0,1.0,,28.5,12,0.08293607856612513,0.04041783943689846,0.12300272272014096,0.1971222079009749,0.5365982055664062,ok
noise,mrgap,half_torus,0,400,0.08,5,0,1.0,1.0,,28.0,12,0.08293607856612513,0.04453516740384496,0.12457345076989823,0.24651433288818225,0.5365982055664062,ok
noise,manifold_fitting,half_torus,0,400,0.08,1,0,,,1.0,3.0,1,0.08293607856612513,0.05237010786532034,0.24010556384844187,0.04430662503000349,0.23214054107666016,ok
oracle,mrgap,half_torus,0,400,0.08,2,0,1.0,1.0,,29.0,12,0.08293607856612513,0.03880054292997315,0.1223682257737307,0.09832954197190702,0.5365982055664062,ok
oracle,mrgap_oracle,half_torus,0,400,0.08,2,1,1.0,1.0,,29.0,10,0.08293607856612513,0.039706959984210644,0.11660021562507378,0.09981945803156123,0.5283126831054688,ok
noise,mrgap,half_torus,0,400,0.12,1,0,1.0,1.0,,27.0,9,0.1189414512470672,0.06900792595873981,0.19409510243491124,0.049526499991770834,0.5122528076171875,ok
noise,mrgap,half_torus,0,400,0.12,2,0,1.0,1.0,,28.0,10,0.1189414512470672,0.058698733911913374,0.19364629100940703,0.09967858297750354,0.5301551818847656,ok
noise,mrgap,half_torus,0,400,0.12,3,0,1.0,1.0,,28.0,11,0.1189414512470672,0.05684102057898329,0.19386219441639252,0.14963195798918605,0.5301551818847656,ok
noise,mrgap,half_torus,0,400,0.12,4,0,1.0,1.0,,28.0,11,0.1189414512470672,0.05719587021318765,0.19414491965781966,0.19914933294057846,0.5301551818847656,ok
noise,mrgap,half_torus,0,400,0.12,5,0,1.0,1.0,,27.0,11,0.1189414512470672,0.06029556146319592,0.19551137699565962,0.2484354159096256,0.5301551818847656,ok
noise,manifold_fitting,half_torus,0,400,0.12,1,0,,,1.0,4.0,1,0.1189414512470672,0.06699486099772672,0.2706229657918067,0.04490445903502405,0.28757476806640625,ok
oracle,mrgap,half_torus,0,400,0.12,2,0,1.0,1.0,,28.0,10,0.1189414512470672,0.058698733911913374,0.19364629100940703,0.09967858297750354,0.5301551818847656,ok
oracle,mrgap_oracle,half_torus,0,400,0.12,2,1,1.0,1.0,,28.0,9,0.1189414512470672,0.06118085917668812,0.1838574184549765,0.099476124974899,0.5353279113769531,ok
sample_size,mrgap,half_torus,0,50,0.12,1,0,1.0,1.0,,4.0,1,0.1360263406926279,0.13465163570052116,0.22539131808391413,0.005504083994310349,0.017120361328125,ok
sample_size,mrgap,half_torus,0,50,0.12,2,0,1.0,1.0,,4.0,1,0.1360263406926279,0.13276251449067644,0.227615260730506,0.011111959000118077,0.017120361328125,ok
sample_size,mrgap,half_torus,0,50,0.12,3,0,1.0,1.0,,4.0,1,0.1360263406926279,0.134128083918747,0.22950739181559152,0.016598583955783397,0.017120361328125,ok
sample_size,mrgap,half_torus,0,50,0.12,4,0,1.0,1.0,,4.0,1,0.1360263406926279,0.13612858520351961,0.23142926509132739,0.022034291934687644,0.017120361328125,ok
sample_size,mrgap,half_torus,0,50,0.12,5,0,1.0,1.0,,4.0,1,0.1360263406926279,0.13792505108011108,0.23319158129770395,0.02766466693719849,0.017120361328125,ok
sample_size,manifold_fitting,half_torus,0,50,0.12,1,0,,,1.0,2.0,1,0.1360263406926279,0.31996769005974973,0.616705872140748,0.0055444579920731485,0.02476978302001953,ok
sample_size,mrgap,half_torus,0,100,0.12,1,0,1.0,1.0,,7.0,2,0.12783731610566187,0.10956464532332696,0.21482635218878807,0.010989999980665743,0.033905029296875,ok
sample_size,mrgap,half_torus,0,100,0.12,2,0,1.0,1.0,,7.0,2,0.12783731610566187,0.10971526571594127,0.21626454919807134,0.021788374986499548,0.033905029296875,ok
sample_size,mrgap,half_torus,0,100,0.12,3,0,1.0,1.0,,7.0,2,0.12783731610566187,0.11292996972009323,0.21807592714030644,0.03266562498174608,0.03446197509765625,ok
sample_size,mrgap,half_torus,0,100,0.12,4,0,1.0,1.0,,7.0,2,0.12783731610566187,0.11914480491733805,0.22231663967375026,0.043596250005066395,0.0349273681640625,ok
sample_size,mrgap,half_torus,0,100,0.12,5,0,1.0,1.0,,7.0,2,0.12783731610566187,0.12664060898263732,0.22749708655497583,0.05459183297352865,0.03513336181640625,ok
sample_size,manifold_fitting,half_torus,0,100,0.12,1,0,,,1.0,2.0,1,0.12783731610566187,0.16968143820404508,0.4497379475737633,0.010833124979399145,0.046001434326171875,ok
sample_size,mrgap,half_torus,0,250,0.12,1,0,1.0,1.0,,17.0,7,0.12004833427306832,0.08456588653014503,0.19707077029769365,0.02883441699668765,0.1287078857421875,ok
sample_size,mrgap,half_torus,0,250,0.12,2,0,1.0,1.0,,17.0,7,0.12004833427306832,0.0748006197588082,0.19783702288708507,0.057968541979789734,0.13230133056640625,ok
sample_size,mrgap,half_torus,0,250,0.12,3,0,1.0,1.0,,17.0,6,0.12004833427306832,0.07191693521424958,0.19661863339792662,0.08626308297971264,0.13230133056640625,ok
sample_size,mrgap,half_torus,0,250,0.12,4,0,1.0,1.0,,17.5,6,0.12004833427306832,0.07204383738262837,0.19663523292560225,0.11503329098923132,0.13242340087890625,ok
sample_size,mrgap,half_torus,0,250,0.12,5,0,1.0,1.0,,18.0,7,0.12004833427306832,0.07235516112810596,0.19708290333747788,0.14408299897331744,0.13242340087890625,ok
sample_size,manifold_fitting,half_torus,0,250,0.12,1,0,,,1.0,3.0,1,0.12004833427306832,0.08670500201259236,0.31762022774826587,0.027384291985072196,0.11990642547607422,ok
sample_size,mrgap,half_torus,0,500,0.12,1,0,1.0,1.0,,34.0,13,0.12466510510774038,0.06932982028863943,0.19289749456791389,0.06674779095919803,0.9569320678710938,ok
sample_size,mrgap,half_torus,0,500,0.12,2,0,1.0,1.0,,36.0,14,0.12466510510774038,0.058104542203611984,0.19181218976045775,0.13380341592710465,0.9848403930664062,ok
sample_size,mrgap,half_torus,0,500,0.12,3,0,1.0,1.0,,36.0,14,0.12466510510774038,0.05284336338776363,0.19085530086823818,0.20056683296570554,0.9848403930664062,ok
sample_size,mrgap,half_torus,0,500,0.12,4,0,1.0,1.0,,35.0,13,0.12466510510774038,0.051090568343812495,0.1910324559006382,0.2665141659672372,0.9848403930664062,ok
sample_size,mrgap,half_torus,0,500,0.12,5,0,1.0,1.0,,35.0,13,0.12466510510774038,0.05176342869166796,0.19177808901215385,0.33165658195503056,0.9848403930664062,ok
sample_size,manifold_fitting,half_torus,0,500,0.12,1,0,,,1.0,4.0,1,0.12466510510774038,0.06249596321040092,0.26500842298445015,0.056952958984766155,0.4470357894897461,ok
sample_size,mrgap,half_torus,0,1000,0.12,1,0,1.0,1.0,,68.0,10,0.125692677875136,0.061849390431095046,0.19114501366891895,0.1783873329986818,4.484424591064453,ok
sample_size,mrgap,half_torus,0,1000,0.12,2,0,1.0,1.0,,72.0,13,0.125692677875136,0.04963408290741753,0.19355505055818858,0.35828674997901544,4.688114166259766,ok
sample_size,mrgap,half_torus,0,1000,0.12,3,0,1.0,1.0,,70.0,13,0.125692677875136,0.049410088961779564,0.1943747594787172,0.5412066249991767,4.688114166259766,ok
sample_size,mrgap,half_torus,0,1000,0.12,4,0,1.0,1.0,,68.0,13,0.125692677875136,0.056132967299350627,0.19935311611956408,0.7189797089667991,4.688114166259766,ok
sample_size,mrgap,half_torus,0,1000,0.12,5,0,1.0,1.0,,66.0,13,0.125692677875136,0.06717118521848688,0.2033463229461296,0.8957419589860365,4.688114166259766,ok
sample_size,manifold_fitting,half_torus,0,1000,0.12,1,0,,,1.0,6.0,1,0.125692677875136,0.05294032800902614,0.22891838018797755,0.12354929198045284,1.4100160598754883,ok
sample_size,mrgap,half_torus,0,5000,0.12,1,0,1.0,1.0,,334.0,111,0.12218633573304197,nan,nan,nan,nan,skipped_resource_guard
sample_size,mrgap,half_torus,0,5000,0.12,2,0,1.0,1.0,,334.0,111,0.12218633573304197,nan,nan,nan,nan,skipped_resource_guard
sample_size,mrgap,half_torus,0,5000,0.12,3,0,1.0,1.0,,334.0,111,0.12218633573304197,nan,nan,nan,nan,skipped_resource_guard
sample_size,mrgap,half_torus,0,5000,0.12,4,0,1.0,1.0,,334.0,111,0.12218633573304197,nan,nan,nan,nan,skipped_resource_guard
sample_size,mrgap,half_torus,0,5000,0.12,5,0,1.0,1.0,,334.0,111,0.12218633573304197,nan,nan,nan,nan,skipped_resource_guard
sample_size,manifold_fitting,half_torus,0,5000,0.12,1,0,,,,13.0,1,0.12218633573304197,0.04249756531833609,0.19299806717789758,0.8753390840138309,20.285574913024902,ok
bandwidth_mrgap,mrgap,half_torus,0,400,0.12,2,0,0.4,1.0,,5.0,1,0.12794717697503963,0.10579480313422637,0.2839344108111968,0.10663879197090864,0.37237548828125,ok
bandwidth_mrgap,mrgap,half_torus,0,400,0.12,2,0,0.6,1.0,,10.0,2,0.12794717697503963,0.08353833954592464,0.23178204248879763,0.09829858300508931,0.40502166748046875,ok
bandwidth_mrgap,mrgap,half_torus,0,400,0.12,2,0,0.8,1.0,,18.0,6,0.12794717697503963,0.07238157365207769,0.21457358789896316,0.09896049997769296,0.45848846435546875,ok
bandwidth_mrgap,mrgap,half_torus,0,400,0.12,2,0,1.0,1.0,,29.0,12,0.12794717697503963,0.06597302538093716,0.19517090370683496,0.09893408400239423,0.53936767578125,ok
bandwidth_mf,manifold_fitting,half_torus,0,400,0.12,1,0,,,0.5,1.0,1,0.12794717697503963,0.06400548789172077,0.26941944320614725,0.0438015409745276,0.18772220611572266,ok
bandwidth_mf,manifold_fitting,half_torus,0,400,0.12,1,0,,,0.75,2.0,1,0.12794717697503963,0.06346542013314878,0.2694529906989387,0.044159915996715426,0.22585010528564453,ok
bandwidth_mf,manifold_fitting,half_torus,0,400,0.12,1,0,,,1.0,4.0,1,0.12794717697503963,0.06310776044484376,0.2737756956336575,0.0451348329661414,0.2860832214355469,ok
bandwidth_mf,manifold_fitting,half_torus,0,400,0.12,1,0,,,1.25,5.0,1,0.12794717697503963,0.06730431794029201,0.2855715870400693,0.04612274997634813,0.3684873580932617,ok
bandwidth_mf,manifold_fitting,half_torus,0,400,0.12,1,0,,,1.5,7.0,1,0.12794717697503963,0.08346018673443605,0.3013751758485463,0.04806341597577557,0.4689798355102539,ok
bandwidth_mf,manifold_fitting,half_torus,0,400,0.12,1,0,,,2.0,11.0,2,0.12794717697503963,0.15708987758387857,0.41423552836139127,0.05531616701046005,0.7608489990234375,ok
