geometry,n,sigma,method,uq_scale,nominal_level,repeats,empirical_geometric_coverage,empirical_paired_coverage,mean_halfwidth,max_halfwidth,mean_width_over_sigma,max_width_over_sigma,max_width_over_noise_196,strict_inside_noise_fraction,mean_s_post_over_s_F,median_s_post_over_s_F,max_s_post_over_s_F
circle,500,0.03,mrgap,posterior,0.8,3,1.0,nan,0.03901572173263435,0.054179498893830794,1.3005240577544785,1.8059832964610265,0.9214200492148095,0.0,nan,nan,nan
circle,500,0.03,mrgap,posterior,0.9,3,1.0,nan,0.04179091108262448,0.05803328812649786,1.393030369420816,1.9344429375499288,0.986960682423433,0.0,nan,nan,nan
circle,500,0.03,mrgap,posterior,0.95,3,1.0,nan,0.04441613406757444,0.061678825348232394,1.4805378022524813,2.05596084494108,1.048959614765857,0.0,nan,nan,nan
circle,500,0.03,mrgap,posterior,0.99,3,1.0,nan,0.050043383231931006,0.06949315060831215,1.6681127743977004,2.316438353610405,1.1818563028624516,0.0,nan,nan,nan
circle,500,0.03,ours,frequentist_gp_mean,0.8,3,0.0,nan,0.03379482404784436,0.045746865788391794,1.1264941349281454,1.5248955262797266,0.7780079215712891,0.0,1.1900020748988964,1.1629765208281082,2.124865756166697
circle,500,0.03,ours,frequentist_gp_mean,0.9,3,0.0,nan,0.03619865080325,0.04900084159848635,1.206621693441667,1.6333613866162116,0.833347646232761,0.0,1.1900020748988964,1.1629765208281082,2.124865756166697
circle,500,0.03,ours,frequentist_gp_mean,0.95,3,0.0,nan,0.03847257897689013,0.052078978262985215,1.282419299229671,1.7359659420995073,0.8856969092344424,0.0,1.1900020748988964,1.1629765208281082,2.124865756166697
circle,500,0.03,ours,frequentist_gp_mean,0.99,3,0.0,nan,0.04334681651338922,0.05867706233903437,1.4448938837796408,1.9559020779678125,0.9979092234529655,0.0,1.1900020748988964,1.1629765208281082,2.124865756166697
circle,500,0.03,ours,posterior,0.8,3,0.0,nan,0.04046828951303329,0.08423853325378836,1.3489429837677764,2.807951108459612,1.4326281165610264,0.0,1.1900020748988964,1.1629765208281082,2.124865756166697
circle,500,0.03,ours,posterior,0.9,3,0.0,nan,0.0433468000488245,0.09023042241956433,1.4448933349608168,3.0076807473188114,1.5345309935300058,0.0,1.1900020748988964,1.1629765208281082,2.124865756166697
circle,500,0.03,ours,posterior,0.95,3,0.0,nan,0.046069760923910984,0.09589852040405816,1.5356586974636997,3.196617346801939,1.6309272177560912,0.0,1.1900020748988964,1.1629765208281082,2.124865756166697
circle,500,0.03,ours,posterior,0.99,3,0.0,nan,0.05190651437180832,0.10804826914143714,1.730217145726944,3.6016089713812383,1.837555597643489,0.0,1.1900020748988964,1.1629765208281082,2.124865756166697
circle,500,0.06,mrgap,posterior,0.8,3,0.6666666666666666,nan,0.03942448689869837,0.06120229680639746,0.6570747816449727,1.0200382801066243,0.5204276939319512,1.0,nan,nan,nan
circle,500,0.06,mrgap,posterior,0.9,3,0.6666666666666666,nan,0.04222875172608916,0.06555561784595114,0.7038125287681526,1.0925936307658524,0.5574457299825777,1.0,nan,nan,nan
circle,500,0.06,mrgap,posterior,0.95,3,0.6666666666666666,nan,0.044881479000636826,0.06967369305186212,0.7480246500106137,1.1612282175310353,0.5924633762913446,1.0,nan,nan,nan
circle,500,0.06,mrgap,posterior,0.99,3,0.6666666666666666,nan,0.05056768448662483,0.0785009185462564,0.8427947414437472,1.3083486424376067,0.6675248175702075,1.0,nan,nan,nan
circle,500,0.06,ours,frequentist_gp_mean,0.8,3,0.0,nan,0.0544693204340197,0.07936802299326068,0.9078220072336617,1.3228003832210113,0.6748981547045976,0.6666666666666666,1.1494062428294713,1.1394991922962923,1.8181131175046328
circle,500,0.06,ours,frequentist_gp_mean,0.9,3,0.0,nan,0.05834372468073781,0.08501347263148774,0.9723954113456302,1.4168912105247957,0.7229036788391815,0.6666666666666666,1.1494062428294713,1.1394991922962923,1.8181131175046328
circle,500,0.06,ours,frequentist_gp_mean,0.95,3,0.0,nan,0.062008762917320964,0.09035385207287752,1.0334793819553496,1.5058975345479588,0.7683150686469177,0.6666666666666666,1.1494062428294713,1.1394991922962923,1.8181131175046328
circle,500,0.06,ours,frequentist_gp_mean,0.99,3,0.0,nan,0.06986488922445086,0.10180112566494554,1.1644148204075142,1.6966854277490924,0.8656558304842308,0.0,1.1494062428294713,1.1394991922962923,1.8181131175046328
circle,500,0.06,ours,posterior,0.8,3,0.0,nan,0.06291054012920883,0.14430004371445654,1.0485090021534804,2.405000728574276,1.2270411880480998,0.3333333333333333,1.1494062428294713,1.1394991922962923,1.8181131175046328
circle,500,0.06,ours,posterior,0.9,3,0.0,nan,0.06738536856286238,0.15456410975592896,1.1230894760477064,2.5760684959321494,1.3143206611898721,0.0,1.1494062428294713,1.1394991922962923,1.8181131175046328
circle,500,0.06,ours,posterior,0.95,3,0.0,nan,0.07161838511640915,0.16427352367077178,1.1936397519401523,2.73789206117953,1.3968837046834335,0.0,1.1494062428294713,1.1394991922962923,1.8181131175046328
circle,500,0.06,ours,posterior,0.99,3,0.0,nan,0.08069199105396636,0.185085961948175,1.3448665175661063,3.0847660324695836,1.5738602206477468,0.0,1.1494062428294713,1.1394991922962923,1.8181131175046328
circle,500,0.1,mrgap,posterior,0.8,3,0.0,nan,0.03818898639108117,0.05400257034116373,0.38188986391081164,0.5400257034116372,0.27552331806716185,1.0,nan,nan,nan
circle,500,0.1,mrgap,posterior,0.9,3,0.0,nan,0.04090537003369873,0.05784377464105843,0.40905370033698724,0.5784377464105842,0.2951212991890736,1.0,nan,nan,nan
circle,500,0.1,mrgap,posterior,0.95,3,0.0,nan,0.043474965068562584,0.06147740699771476,0.4347496506856259,0.6147740699771476,0.313660239784259,1.0,nan,nan,nan
circle,500,0.1,mrgap,posterior,0.99,3,0.0,nan,0.04898297394840565,0.06926621379995412,0.4898297394840565,0.6926621379995412,0.3533990499997659,1.0,nan,nan,nan
circle,500,0.1,ours,frequentist_gp_mean,0.8,3,0.3333333333333333,nan,0.07753676063476765,0.10011217059916788,0.7753676063476763,1.0011217059916788,0.5107763806079993,1.0,1.1394595363987825,1.1363474214039666,1.2469768636692675
circle,500,0.1,ours,frequentist_gp_mean,0.9,3,0.3333333333333333,nan,0.08305195253153462,0.1072331520218649,0.8305195253153462,1.072331520218649,0.5471079184789025,1.0,1.1394595363987825,1.1363474214039666,1.2469768636692675
circle,500,0.1,ours,frequentist_gp_mean,0.95,3,0.3333333333333333,nan,0.08826911313135243,0.11396932809804232,0.8826911313135243,1.1396932809804232,0.581476163765522,1.0,1.1394595363987825,1.1363474214039666,1.2469768636692675
circle,500,0.1,ours,frequentist_gp_mean,0.99,3,0.6666666666666666,nan,0.09945226320810617,0.12840853627690516,0.9945226320810615,1.2840853627690514,0.655145593249516,1.0,1.1394595363987825,1.1363474214039666,1.2469768636692675
circle,500,0.1,ours,posterior,0.8,3,0.3333333333333333,nan,0.08843759824345583,0.12459299527339056,0.8843759824345584,1.2459299527339056,0.6356785473132172,1.0,1.1394595363987825,1.1363474214039666,1.2469768636692675
circle,500,0.1,ours,posterior,0.9,3,0.6666666666666666,nan,0.09472816701636809,0.13345529842224832,0.9472816701636808,1.334552984222483,0.6808943797053485,0.6666666666666666,1.1394595363987825,1.1363474214039666,1.2469768636692675
circle,500,0.1,ours,posterior,0.95,3,0.6666666666666666,nan,0.10067880448588579,0.14183869825262693,1.006788044858858,1.4183869825262692,0.7236668278195252,0.6666666666666666,1.1394595363987825,1.1363474214039666,1.2469768636692675
circle,500,0.1,ours,posterior,0.99,3,0.6666666666666666,nan,0.11343418561720357,0.15980878306462792,1.1343418561720355,1.5980878306462791,0.8153509340032037,0.6666666666666666,1.1394595363987825,1.1363474214039666,1.2469768636692675
circle,1000,0.03,mrgap,posterior,0.8,3,1.0,nan,0.028167404683013,0.034549262338119745,0.9389134894337667,1.1516420779373249,0.5875724887435331,1.0,nan,nan,nan
circle,1000,0.03,mrgap,posterior,0.9,3,1.0,nan,0.030170952945655416,0.03700675230967052,1.0056984315218473,1.2335584103223507,0.6293665358787504,1.0,nan,nan,nan
circle,1000,0.03,mrgap,posterior,0.95,3,1.0,nan,0.03206623297422866,0.03933144383337578,1.0688744324742887,1.3110481277791928,0.6689021060097922,1.0,nan,nan,nan
circle,1000,0.03,mrgap,posterior,0.99,3,1.0,nan,0.03612882613989598,0.044314494229152554,1.2042942046631995,1.4771498076384184,0.7536478610400095,1.0,nan,nan,nan
circle,1000,0.03,ours,frequentist_gp_mean,0.8,3,0.0,nan,0.02884535395757373,0.0392956734051976,0.9615117985857909,1.3098557801732533,0.668293765394517,1.0,1.1451422783941798,1.1363734283567575,1.3256918559641624
circle,1000,0.03,ours,frequentist_gp_mean,0.9,3,0.0,nan,0.03089712477058924,0.04209077572528561,1.0299041590196414,1.4030258575095205,0.7158295191375105,0.0,1.1451422783941798,1.1363734283567575,1.3256918559641624
circle,1000,0.03,ours,frequentist_gp_mean,0.95,3,0.0,nan,0.03283802148749144,0.04473483561835493,1.0946007162497144,1.4911611872784978,0.7607965241216825,0.0,1.1451422783941798,1.1363734283567575,1.3256918559641624
circle,1000,0.03,ours,frequentist_gp_mean,0.99,3,0.3333333333333333,nan,0.036998395478921545,0.05040246229581474,1.2332798492973849,1.6800820765271582,0.8571847329220195,0.0,1.1451422783941798,1.1363734283567575,1.3256918559641624
circle,1000,0.03,ours,posterior,0.8,3,0.0,nan,0.03312362736680925,0.04853802141646248,1.104120912226975,1.6179340472154162,0.825476554701743,0.0,1.1451422783941798,1.1363734283567575,1.3256918559641624
circle,1000,0.03,ours,posterior,0.9,3,0.3333333333333333,nan,0.035479711884003284,0.05199053220243851,1.1826570628001094,1.7330177400812836,0.8841927245312672,0.0,1.1451422783941798,1.1363734283567575,1.3256918559641624
circle,1000,0.03,ours,posterior,0.95,3,0.3333333333333333,nan,0.037708477726249155,0.05525647536093476,1.2569492575416386,1.8418825120311588,0.9397359755261014,0.0,1.1451422783941798,1.1363734283567575,1.3256918559641624
circle,1000,0.03,ours,posterior,0.99,3,1.0,nan,0.04248590836556057,0.06225712864442504,1.4161969455186856,2.075237621480835,1.0587947048371606,0.0,1.1451422783941798,1.1363734283567575,1.3256918559641624
circle,1000,0.06,mrgap,posterior,0.8,3,0.0,nan,0.02808531424858464,0.03534335804085273,0.46808857080974403,0.5890559673475455,0.3005387588507885,1.0,nan,nan,nan
circle,1000,0.06,mrgap,posterior,0.9,3,0.0,nan,0.03008302341638927,0.0378573320613774,0.5013837236064879,0.6309555343562899,0.3219160889572908,1.0,nan,nan,nan
circle,1000,0.06,mrgap,posterior,0.95,3,0.3333333333333333,nan,0.03197277988456851,0.04023545533511794,0.5328796647428086,0.6705909222519656,0.34213822563875795,1.0,nan,nan,nan
circle,1000,0.06,mrgap,posterior,0.99,3,0.6666666666666666,nan,0.03602353312243175,0.04533303839058112,0.6003922187071958,0.7555506398430187,0.3854850203280708,1.0,nan,nan,nan
circle,1000,0.06,ours,frequentist_gp_mean,0.8,3,0.3333333333333333,nan,0.045586252515232274,0.05794371613698935,0.7597708752538713,0.9657286022831558,0.4927186746342632,1.0,1.1411861499757354,1.1364342918476407,1.2769807491005158
circle,1000,0.06,ours,frequentist_gp_mean,0.9,3,0.3333333333333333,nan,0.04882880389883041,0.06206525424473426,0.8138133983138403,1.0344209040789043,0.5277657673871962,1.0,1.1411861499757354,1.1364342918476407,1.2769807491005158
circle,1000,0.06,ours,frequentist_gp_mean,0.95,3,0.3333333333333333,nan,0.0518961334928033,0.06596407166194494,0.8649355582133883,1.0994011943657491,0.5609189767172189,1.0,1.1411861499757354,1.1364342918476407,1.2769807491005158
circle,1000,0.06,ours,frequentist_gp_mean,0.99,3,0.6666666666666666,nan,0.05847105226863413,0.07432131109598711,0.9745175378105689,1.2386885182664518,0.6319839378910469,0.6666666666666666,1.1411861499757354,1.1364342918476407,1.2769807491005158
circle,1000,0.06,ours,posterior,0.8,3,0.3333333333333333,nan,0.052065982355687906,0.0692671205788776,0.8677663725947985,1.15445200964796,0.5890061273714082,1.0,1.1411861499757354,1.1364342918476407,1.2769807491005158
circle,1000,0.06,ours,posterior,0.9,3,0.6666666666666666,nan,0.05576943709940521,0.07419409275312792,0.9294906183234203,1.236568212552132,0.6309021492612918,0.6666666666666666,1.1411861499757354,1.1364342918476407,1.2769807491005158
circle,1000,0.06,ours,posterior,0.95,3,0.6666666666666666,nan,0.0592727636442996,0.0788548199925492,0.9878793940716601,1.3142469998758202,0.6705341836101123,0.6666666666666666,1.1411861499757354,1.1364342918476407,1.2769807491005158
circle,1000,0.06,ours,posterior,0.99,3,0.6666666666666666,nan,0.06678225578467904,0.08884523742134802,1.1130375964113175,1.480753957022467,0.7554867127665648,0.6666666666666666,1.1411861499757354,1.1364342918476407,1.2769807491005158
circle,1000,0.1,mrgap,posterior,0.8,3,0.0,nan,0.02782493684752906,0.03662556558601505,0.2782493684752906,0.36625565586015046,0.1868651305408931,1.0,nan,nan,nan
circle,1000,0.1,mrgap,posterior,0.9,3,0.0,nan,0.029804125363701528,0.03923074306416626,0.2980412536370152,0.39230743064166257,0.2001568523681952,1.0,nan,nan,nan
circle,1000,0.1,mrgap,posterior,0.95,3,0.0,nan,0.03167636200377925,0.0416951413206459,0.3167636200377924,0.41695141320645895,0.21273031286043825,1.0,nan,nan,nan
circle,1000,0.1,mrgap,posterior,0.99,3,0.0,nan,0.035689560931547994,0.04697765755218849,0.35689560931548,0.46977657552188484,0.23968192628667595,1.0,nan,nan,nan
circle,1000,0.1,ours,frequentist_gp_mean,0.8,3,0.3333333333333333,nan,0.06291354838682876,0.07852205748939592,0.6291354838682875,0.7852205748939591,0.4006227422928363,1.0,1.1314065221603713,1.1289446379416388,1.2310970841502062
circle,1000,0.1,ours,frequentist_gp_mean,0.9,3,0.3333333333333333,nan,0.06738859079792879,0.0841073335782812,0.6738859079792879,0.8410733357828118,0.4291190488687816,1.0,1.1314065221603713,1.1289446379416388,1.2310970841502062
circle,1000,0.1,ours,frequentist_gp_mean,0.95,3,0.3333333333333333,nan,0.07162180976595613,0.08939079114339658,0.7162180976595612,0.8939079114339658,0.4560754650173295,1.0,1.1314065221603713,1.1289446379416388,1.2310970841502062
circle,1000,0.1,ours,frequentist_gp_mean,0.99,3,0.3333333333333333,nan,0.08069584958540571,0.10071605087891417,0.8069584958540571,1.0071605087891415,0.5138574024434396,1.0,1.1314065221603713,1.1289446379416388,1.2310970841502062
circle,1000,0.1,ours,posterior,0.8,3,0.3333333333333333,nan,0.07125513836408891,0.09355531984906824,0.7125513836408889,0.9355531984906824,0.4773230604544298,1.0,1.1314065221603713,1.1289446379416388,1.2310970841502062
circle,1000,0.1,ours,posterior,0.9,3,0.3333333333333333,nan,0.07632351829757321,0.10020991229924163,0.7632351829757321,1.0020991229924163,0.5112750627512328,1.0,1.1314065221603713,1.1289446379416388,1.2310970841502062
circle,1000,0.1,ours,posterior,0.95,3,0.3333333333333333,nan,0.08111801186893602,0.10650490224496614,0.8111801186893602,1.0650490224496614,0.5433923583926844,1.0,1.1314065221603713,1.1289446379416388,1.2310970841502062
circle,1000,0.1,ours,posterior,0.99,3,1.0,nan,0.09139516169492638,0.11999841388751585,0.9139516169492637,1.1999841388751584,0.6122368055485502,1.0,1.1314065221603713,1.1289446379416388,1.2310970841502062
circle,3000,0.03,mrgap,posterior,0.8,3,1.0,nan,0.01678241741604448,0.01927365531783068,0.5594139138681493,0.6424551772610226,0.3277832537046034,1.0,nan,nan,nan
circle,3000,0.03,mrgap,posterior,0.9,3,1.0,nan,0.017976151224155454,0.02064459094577998,0.5992050408051818,0.6881530315259994,0.35109848547244865,1.0,nan,nan,nan
circle,3000,0.03,mrgap,posterior,0.95,3,1.0,nan,0.01910537775097817,0.021941443616893073,0.6368459250326056,0.7313814538964358,0.3731538030083856,1.0,nan,nan,nan
circle,3000,0.03,mrgap,posterior,0.99,3,1.0,nan,0.02152591081268819,0.024721288663066877,0.7175303604229398,0.8240429554355626,0.42043007930385845,1.0,nan,nan,nan
circle,3000,0.03,ours,frequentist_gp_mean,0.8,3,1.0,nan,0.02079328857548363,0.027007288257582536,0.6931096191827878,0.9002429419194179,0.4593076234282744,1.0,1.1366035881718126,1.1324449705357065,1.306907560665385
circle,3000,0.03,ours,frequentist_gp_mean,0.9,3,1.0,nan,0.022272315758458602,0.028928317407271822,0.7424105252819535,0.9642772469090608,0.4919781871985004,1.0,1.1366035881718126,1.1324449705357065,1.306907560665385
circle,3000,0.03,ours,frequentist_gp_mean,0.95,3,1.0,nan,0.023671418906546674,0.030745537511024792,0.7890472968848892,1.0248512503674931,0.522883291003823,1.0,1.1366035881718126,1.1324449705357065,1.306907560665385
circle,3000,0.03,ours,frequentist_gp_mean,0.99,3,1.0,nan,0.02667044111001765,0.0346408067391703,0.889014703667255,1.1546935579723432,0.5891293663124201,1.0,1.1366035881718126,1.1324449705357065,1.306907560665385
circle,3000,0.03,ours,posterior,0.8,3,1.0,nan,0.02365740650670362,0.03234128141820509,0.7885802168901206,1.0780427139401696,0.5500217928266171,1.0,1.1366035881718126,1.1324449705357065,1.306907560665385
circle,3000,0.03,ours,posterior,0.9,3,1.0,nan,0.02534015847617124,0.034641717646756595,0.8446719492057079,1.1547239215585532,0.5891448579380374,1.0,1.1366035881718126,1.1324449705357065,1.306907560665385
circle,3000,0.03,ours,posterior,0.95,3,1.0,nan,0.026931977480604902,0.036817842336276066,0.8977325826868302,1.2272614112092022,0.6261537812291849,1.0,1.1366035881718126,1.1324449705357065,1.306907560665385
circle,3000,0.03,ours,posterior,0.99,3,1.0,nan,0.03034409226622835,0.04148243498643815,1.0114697422076118,1.3827478328812717,0.7054835882047304,1.0,1.1366035881718126,1.1324449705357065,1.306907560665385
circle,3000,0.06,mrgap,posterior,0.8,100,0.34,nan,0.01680143097818812,0.02072946208398849,0.2800238496364687,0.3454910347331415,0.17627093608833752,1.0,nan,nan,nan
circle,3000,0.06,mrgap,posterior,0.9,100,0.48,nan,0.01799651722149247,0.02220394928688419,0.29994195369154114,0.3700658214480699,0.18880909257554584,1.0,nan,nan,nan
circle,3000,0.06,mrgap,posterior,0.95,100,0.62,nan,0.019127023100282775,0.02359875778745376,0.3187837183380462,0.39331262979089604,0.20066970907698775,1.0,nan,nan,nan
circle,3000,0.06,mrgap,posterior,0.99,100,0.83,nan,0.021550298493722995,0.026588574277048894,0.3591716415620499,0.44314290461748157,0.22609331868238858,1.0,nan,nan,nan
circle,3000,0.06,ours,frequentist_gp_mean,0.8,100,0.62,nan,0.03263999350899467,0.04388289382403103,0.5439998918165778,0.7313815637338505,0.3731538590478829,1.0,1.1138063158038318,1.1109669762620282,1.2249161991408573
circle,3000,0.06,ours,frequentist_gp_mean,0.9,100,0.78,nan,0.03496167713670371,0.04700428525750883,0.5826946189450618,0.7834047542918138,0.39969630321010907,1.0,1.1138063158038318,1.1109669762620282,1.2249161991408573
circle,3000,0.06,ours,frequentist_gp_mean,0.95,100,0.86,nan,0.03715790105319627,0.049957002172562194,0.6192983508866045,0.8326167028760366,0.42480444024287584,1.0,1.1138063158038318,1.1109669762620282,1.2249161991408573
circle,3000,0.06,ours,frequentist_gp_mean,0.99,100,0.97,nan,0.04186557703716922,0.05628624501710186,0.6977596172861535,0.9381040836183644,0.4786245324583492,1.0,1.1138063158038318,1.1109669762620282,1.2249161991408573
circle,3000,0.06,ours,posterior,0.8,100,0.85,nan,0.036385227857166955,0.05215949997034874,0.6064204642861161,0.8693249995058123,0.44353316301316953,1.0,1.1138063158038318,1.1109669762620282,1.2249161991408573
circle,3000,0.06,ours,posterior,0.9,100,0.91,nan,0.03897331010611619,0.05586960662454515,0.6495551684352698,0.9311601104090859,0.4750816889842275,1.0,1.1138063158038318,1.1109669762620282,1.2249161991408573
circle,3000,0.06,ours,posterior,0.95,100,0.95,nan,0.04142153692959642,0.059379225622343206,0.6903589488266071,0.9896537603723868,0.5049253879450953,1.0,1.1138063158038318,1.1109669762620282,1.2249161991408573
circle,3000,0.06,ours,posterior,0.99,100,0.98,nan,0.04666938917893483,0.06690220583613467,0.7778231529822471,1.1150367639355778,0.5688963081303968,1.0,1.1138063158038318,1.1109669762620282,1.2249161991408573
circle,3000,0.06,ours_oracle_direction,frequentist_gp_mean,0.8,100,0.75,nan,0.03308064662337419,0.04341295678852358,0.5513441103895699,0.7235492798087264,0.3691577958207788,1.0,1.1157103944210625,1.1128151029182687,1.230048353986272
circle,3000,0.06,ours_oracle_direction,frequentist_gp_mean,0.9,100,0.89,nan,0.035433673919116476,0.04650092158786032,0.5905612319852748,0.775015359797672,0.3954159998967714,1.0,1.1157103944210625,1.1128151029182687,1.230048353986272
circle,3000,0.06,ours_oracle_direction,frequentist_gp_mean,0.95,100,0.95,nan,0.03765954774679578,0.04942201818545429,0.6276591291132632,0.8237003030909048,0.4202552566790331,1.0,1.1157103944210625,1.1128151029182687,1.230048353986272
circle,3000,0.06,ours_oracle_direction,frequentist_gp_mean,0.99,100,0.99,nan,0.04243077926068193,0.055683481871415745,0.7071796543446989,0.9280580311902624,0.47349899550523594,1.0,1.1157103944210625,1.1128151029182687,1.230048353986272
circle,3000,0.06,ours_oracle_direction,posterior,0.8,100,0.92,nan,0.036939386784844735,0.051441502707164355,0.6156564464140789,0.8573583784527393,0.43742774410854046,1.0,1.1157103944210625,1.1128151029182687,1.230048353986272
circle,3000,0.06,ours_oracle_direction,posterior,0.9,100,0.97,nan,0.039566886373420075,0.0551005381964656,0.659448106223668,0.9183423032744267,0.46854199146654424,1.0,1.1157103944210625,1.1128151029182687,1.230048353986272
circle,3000,0.06,ours_oracle_direction,posterior,0.95,100,0.99,nan,0.04205240049262751,0.058561845825545175,0.7008733415437918,0.9760307637590863,0.49797487946892155,1.0,1.1157103944210625,1.1128151029182687,1.230048353986272
circle,3000,0.06,ours_oracle_direction,posterior,0.99,100,1.0,nan,0.04738017924913307,0.0659812690802484,0.7896696541522179,1.09968781800414,0.5610652132674184,1.0,1.1157103944210625,1.1128151029182687,1.230048353986272
circle,3000,0.1,mrgap,posterior,0.8,3,0.0,nan,0.01657476173572416,0.01880548417585072,0.16574761735724156,0.1880548417585072,0.09594634783597306,1.0,nan,nan,nan
circle,3000,0.1,mrgap,posterior,0.9,3,0.0,nan,0.017753724989635483,0.02014311877771369,0.17753724989635486,0.2014311877771369,0.10277101417200862,1.0,nan,nan,nan
circle,3000,0.1,mrgap,posterior,0.95,3,0.0,nan,0.018868979137101286,0.021408469951783145,0.18868979137101283,0.21408469951783143,0.10922688750909768,1.0,nan,nan,nan
circle,3000,0.1,mrgap,posterior,0.99,3,0.0,nan,0.021259561958198964,0.02412079053472809,0.21259561958198966,0.2412079053472809,0.12306525783024536,1.0,nan,nan,nan
circle,3000,0.1,ours,frequentist_gp_mean,0.8,3,1.0,nan,0.045102410439758406,0.051395649587838634,0.451024104397584,0.5139564958783863,0.2622227019787685,1.0,1.0866038190326133,1.0860011846115094,1.123935597647853
circle,3000,0.1,ours,frequentist_gp_mean,0.9,3,1.0,nan,0.04831054612334376,0.05505142354351277,0.4831054612334376,0.5505142354351277,0.2808746099158815,1.0,1.0866038190326133,1.0860011846115094,1.123935597647853
circle,3000,0.1,ours,frequentist_gp_mean,0.95,3,1.0,nan,0.051345319781370524,0.05850964588652202,0.5134531978137052,0.5850964588652202,0.29851860146184706,1.0,1.0866038190326133,1.0860011846115094,1.123935597647853
circle,3000,0.1,ours,frequentist_gp_mean,0.99,3,1.0,nan,0.05785045387056787,0.06592245573216986,0.5785045387056788,0.6592245573216985,0.33633905985800944,1.0,1.0866038190326133,1.0860011846115094,1.123935597647853
circle,3000,0.1,ours,posterior,0.8,3,1.0,nan,0.04903122098356121,0.057765400136007033,0.4903122098356121,0.5776540013600703,0.294721429265342,1.0,1.0866038190326133,1.0860011846115094,1.123935597647853
circle,3000,0.1,ours,posterior,0.9,3,1.0,nan,0.05251881306818427,0.0618742546217431,0.5251881306818427,0.618742546217431,0.31568497255991373,1.0,1.0866038190326133,1.0860011846115094,1.123935597647853
circle,3000,0.1,ours,posterior,0.95,3,1.0,nan,0.05581794179347812,0.06576107381763237,0.5581794179347811,0.6576107381763237,0.3355156827430223,1.0,1.0866038190326133,1.0860011846115094,1.123935597647853
circle,3000,0.1,ours,posterior,0.99,3,1.0,nan,0.06288972939740559,0.07409259468175045,0.6288972939740559,0.7409259468175045,0.3780234422538288,1.0,1.0866038190326133,1.0860011846115094,1.123935597647853
circle_r0.5,3000,0.06,mrgap,posterior,0.8,3,0.3333333333333333,nan,0.01211491106111919,0.013500329676228323,0.2019151843519865,0.2250054946038054,0.11479872173663541,1.0,nan,nan,nan
circle_r0.5,3000,0.06,mrgap,posterior,0.9,3,0.3333333333333333,nan,0.012976645015018431,0.01446060849397185,0.21627741691697386,0.2410101415661975,0.1229643579419375,1.0,nan,nan,nan
circle_r0.5,3000,0.06,mrgap,posterior,0.95,3,0.3333333333333333,nan,0.013791812377453048,0.015368995528647464,0.2298635396242175,0.25614992547745774,0.13068873748849885,1.0,nan,nan,nan
circle_r0.5,3000,0.06,mrgap,posterior,0.99,3,0.6666666666666666,nan,0.015539149607611574,0.01731615209824002,0.2589858267935263,0.288602534970667,0.14724619131156483,1.0,nan,nan,nan
circle_r0.5,3000,0.06,ours,frequentist_gp_mean,0.8,3,0.3333333333333333,nan,0.025212406546781228,0.029900631806225313,0.4202067757796872,0.4983438634370886,0.25425707318218804,1.0,1.0772154774781992,1.075831515848052,1.1097813414445719
circle_r0.5,3000,0.06,ours,frequentist_gp_mean,0.9,3,0.3333333333333333,nan,0.0270057657114721,0.03202746456137091,0.45009609519120164,0.5337910760228485,0.2723423857259431,1.0,1.0772154774781992,1.075831515848052,1.1097813414445719
circle_r0.5,3000,0.06,ours,frequentist_gp_mean,0.95,3,0.6666666666666666,nan,0.02870221489229426,0.03403936700470239,0.47837024820490437,0.5673227834117066,0.28945039969985026,1.0,1.0772154774781992,1.075831515848052,1.1097813414445719
circle_r0.5,3000,0.06,ours,frequentist_gp_mean,0.99,3,1.0,nan,0.032338607796776185,0.038351944034504634,0.5389767966129364,0.6391990672417439,0.3261219730825224,1.0,1.0772154774781992,1.075831515848052,1.1097813414445719
circle_r0.5,3000,0.06,ours,posterior,0.8,3,0.3333333333333333,nan,0.02716905883416682,0.03291466124896081,0.4528176472361136,0.5485776874826802,0.27988657524626537,1.0,1.0772154774781992,1.075831515848052,1.1097813414445719
circle_r0.5,3000,0.06,ours,posterior,0.9,3,0.6666666666666666,nan,0.029101594729376668,0.03525588200049812,0.4850265788229445,0.5875980333416353,0.2997949149702221,1.0,1.0772154774781992,1.075831515848052,1.1097813414445719
circle_r0.5,3000,0.06,ours,posterior,0.95,3,1.0,nan,0.030929699774304067,0.037470587288913636,0.5154949962384011,0.6245097881485606,0.3186274429329391,1.0,1.0772154774781992,1.075831515848052,1.1097813414445719
circle_r0.5,3000,0.06,ours,posterior,0.99,3,1.0,nan,0.03484830122088551,0.042217878682817796,0.5808050203480918,0.7036313113802967,0.3589955670307636,1.0,1.0772154774781992,1.075831515848052,1.1097813414445719
circle_r0.5,3000,0.06,ours_oracle_direction,frequentist_gp_mean,0.8,3,0.3333333333333333,nan,0.025405361256910716,0.02988568931719888,0.4234226876151786,0.49809482195331467,0.25413001120067075,1.0,1.0782843510050295,1.076825000900529,1.1180905653405204
circle_r0.5,3000,0.06,ours_oracle_direction,frequentist_gp_mean,0.9,3,0.6666666666666666,nan,0.02721244529539096,0.03201145921269285,0.4535407549231827,0.5335243202115475,0.2722062858222181,1.0,1.0782843510050295,1.076825000900529,1.1180905653405204
circle_r0.5,3000,0.06,ours_oracle_direction,frequentist_gp_mean,0.95,3,1.0,nan,0.028921877681895112,0.03402235623144413,0.48203129469825196,0.5670392705240689,0.2893057502673821,1.0,1.0782843510050295,1.076825000900529,1.1180905653405204
circle_r0.5,3000,0.06,ours_oracle_direction,frequentist_gp_mean,0.99,3,1.0,nan,0.032586100501680815,0.03833277810160422,0.5431016750280135,0.6388796350267371,0.32595899746262097,1.0,1.0782843510050295,1.076825000900529,1.1180905653405204
circle_r0.5,3000,0.06,ours_oracle_direction,posterior,0.8,3,0.6666666666666666,nan,0.027403890890536017,0.03305929576800516,0.4567315148422669,0.5509882628000861,0.2811164606122888,1.0,1.0782843510050295,1.076825000900529,1.1180905653405204
circle_r0.5,3000,0.06,ours_oracle_direction,posterior,0.9,3,1.0,nan,0.029353130396314393,0.03541080437682327,0.48921883993857324,0.5901800729470545,0.3011122821158442,1.0,1.0782843510050295,1.076825000900529,1.1180905653405204
circle_r0.5,3000,0.06,ours_oracle_direction,posterior,0.95,3,1.0,nan,0.031197036417991836,0.03763524158475612,0.5199506069665306,0.627254026412602,0.3200275644962255,1.0,1.0782843510050295,1.076825000900529,1.1180905653405204
circle_r0.5,3000,0.06,ours_oracle_direction,posterior,0.99,3,1.0,nan,0.03514950776199624,0.04240339365841411,0.585825129366604,0.7067232276402352,0.3605730753266506,1.0,1.0782843510050295,1.076825000900529,1.1180905653405204
circle_r2.0,3000,0.06,mrgap,posterior,0.8,3,0.3333333333333333,nan,0.023317827115010615,0.028986112675673574,0.3886304519168436,0.48310187792789294,0.24648054996321067,1.0,nan,nan,nan
circle_r2.0,3000,0.06,mrgap,posterior,0.9,3,0.3333333333333333,nan,0.024976424793093838,0.031047895660143092,0.41627374655156396,0.5174649276690515,0.2640127181984957,1.0,nan,nan,nan
circle_r2.0,3000,0.06,mrgap,posterior,0.95,3,0.6666666666666666,nan,0.026545394761685062,0.03299826350831438,0.44242324602808436,0.5499710584719063,0.2805974788121971,1.0,nan,nan,nan
circle_r2.0,3000,0.06,mrgap,posterior,0.99,3,1.0,nan,0.029908531910518083,0.03717893917157388,0.4984755318419681,0.619648986192898,0.31614744193515204,1.0,nan,nan,nan
circle_r2.0,3000,0.06,ours,frequentist_gp_mean,0.8,3,0.6666666666666666,nan,0.04205678010936934,0.057009877242961846,0.7009463351561558,0.9501646207160308,0.4847778677122606,1.0,1.1404423175919893,1.1368083619297529,1.2208011362383346
circle_r2.0,3000,0.06,ours,frequentist_gp_mean,0.9,3,0.6666666666666666,nan,0.04504828002456309,0.061064991364728205,0.7508046670760514,1.0177498560788034,0.5192601306524507,1.0,1.1404423175919893,1.1368083619297529,1.2208011362383346
circle_r2.0,3000,0.06,ours,frequentist_gp_mean,0.95,3,1.0,nan,0.04787812453116239,0.0649009742316609,0.7979687421860401,1.081682903861015,0.5518790325821505,1.0,1.1404423175919893,1.1368083619297529,1.2208011362383346
circle_r2.0,3000,0.06,ours,frequentist_gp_mean,0.99,3,1.0,nan,0.05394398645082083,0.07312352580392081,0.8990664408470138,1.218725430065347,0.6217986888088505,1.0,1.1404423175919893,1.1368083619297529,1.2208011362383346
circle_r2.0,3000,0.06,ours,posterior,0.8,3,1.0,nan,0.04801350814283254,0.06756057456317936,0.8002251357138755,1.1260095760529893,0.5744946816596884,1.0,1.1404423175919893,1.1368083619297529,1.2208011362383346
circle_r2.0,3000,0.06,ours,posterior,0.9,3,1.0,nan,0.0514287102853627,0.07236616007283103,0.8571451714227116,1.2061026678805173,0.615358504020672,1.0,1.1404423175919893,1.1368083619297529,1.2208011362383346
circle_r2.0,3000,0.06,ours,posterior,0.95,3,1.0,nan,0.054659360894068865,0.07691206017010724,0.9109893482344811,1.2818676695017874,0.6540141170927486,1.0,1.1404423175919893,1.1368083619297529,1.2208011362383346
circle_r2.0,3000,0.06,ours,posterior,0.99,3,1.0,nan,0.06158436347190377,0.08665634195885351,1.026406057865063,1.4442723659808918,0.7368736561127,1.0,1.1404423175919893,1.1368083619297529,1.2208011362383346
circle_r2.0,3000,0.06,ours_oracle_direction,frequentist_gp_mean,0.8,3,1.0,nan,0.04330014520258473,0.05691102225964318,0.7216690867097455,0.9485170376607197,0.4839372641126121,1.0,1.1397024863769536,1.1396918808483794,1.2454543877165176
circle_r2.0,3000,0.06,ours_oracle_direction,frequentist_gp_mean,0.9,3,1.0,nan,0.04638008571073962,0.06095910482375236,0.7730014285123271,1.0159850803958728,0.5183597348958534,1.0,1.1397024863769536,1.1396918808483794,1.2454543877165176
circle_r2.0,3000,0.06,ours_oracle_direction,frequentist_gp_mean,0.95,3,1.0,nan,0.04929359163577332,0.06478843610607095,0.8215598605962221,1.079807268434516,0.5509220757318959,1.0,1.1397024863769536,1.1396918808483794,1.2454543877165176
circle_r2.0,3000,0.06,ours_oracle_direction,frequentist_gp_mean,0.99,3,1.0,nan,0.055538784473099595,0.07299672979464786,0.9256464078849933,1.216612163244131,0.6207204914510872,1.0,1.1397024863769536,1.1396918808483794,1.2454543877165176
circle_r2.0,3000,0.06,ours_oracle_direction,posterior,0.8,3,1.0,nan,0.04938338854445625,0.06689695164663521,0.8230564757409375,1.114949194110587,0.5688516296482586,1.0,1.1397024863769536,1.1396918808483794,1.2454543877165176
circle_r2.0,3000,0.06,ours_oracle_direction,posterior,0.9,3,1.0,nan,0.052896030317282065,0.07165533364014989,0.8816005052880346,1.194255560669165,0.6093140615659005,1.0,1.1397024863769536,1.1396918808483794,1.2454543877165176
circle_r2.0,3000,0.06,ours_oracle_direction,posterior,0.95,3,1.0,nan,0.0562188550895631,0.07615658101651042,0.936980918159385,1.2692763502751736,0.6475899746301906,1.0,1.1397024863769536,1.1396918808483794,1.2454543877165176
circle_r2.0,3000,0.06,ours_oracle_direction,posterior,0.99,3,1.0,nan,0.06334143592567375,0.08580514827437702,1.0556905987612293,1.4300858045729503,0.7296356145780359,1.0,1.1397024863769536,1.1396918808483794,1.2454543877165176
ellipse,500,0.03,mrgap,posterior,0.8,3,1.0,nan,0.0417065801094759,0.05680520520344079,1.3902193369825302,1.893506840114693,0.9660749184258638,0.0,nan,nan,nan
ellipse,500,0.03,mrgap,posterior,0.9,3,1.0,nan,0.04467317028913454,0.060845760997458864,1.4891056763044848,2.028192033248629,1.03479185369828,0.0,nan,nan,nan
ellipse,500,0.03,mrgap,posterior,0.95,3,1.0,nan,0.047479451138617644,0.06466797224314079,1.5826483712872548,2.15559907477136,1.0997954463119182,0.0,nan,nan,nan
ellipse,500,0.03,mrgap,posterior,0.99,3,1.0,nan,0.05349480360800208,0.07286100390618937,1.783160120266736,2.4287001302063125,1.2391327194930164,0.0,nan,nan,nan
ellipse,500,0.03,ours,frequentist_gp_mean,0.8,3,0.0,nan,0.03461388415338426,0.04803971873940847,1.153796138446142,1.6013239579802823,0.817002019377695,0.0,1.1846148591396999,1.1649144270849978,1.8637568202216015
ellipse,500,0.03,ours,frequentist_gp_mean,0.9,3,0.0,nan,0.037075970676415694,0.05145678524238728,1.2358656892138564,1.7152261747462427,0.8751153952786953,0.0,1.1846148591396999,1.1649144270849978,1.8637568202216015
ellipse,500,0.03,ours,frequentist_gp_mean,0.95,3,0.0,nan,0.03940501036202154,0.054689199464773394,1.3135003454007181,1.8229733154924466,0.9300884262716564,0.0,1.1846148591396999,1.1649144270849978,1.8637568202216015
ellipse,500,0.03,ours,frequentist_gp_mean,0.99,3,0.0,nan,0.04439738118145825,0.06161798240475794,1.4799127060486086,2.053932746825265,1.0479248708292166,0.0,1.1846148591396999,1.1649144270849978,1.8637568202216015
ellipse,500,0.03,ours,posterior,0.8,3,0.0,nan,0.04130390639122764,0.07748242048742986,1.376796879707588,2.582747349580995,1.3177282395821404,0.0,1.1846148591396999,1.1649144270849978,1.8637568202216015
ellipse,500,0.03,ours,posterior,0.9,3,0.0,nan,0.04424185437833475,0.082993747168036,1.4747284792778252,2.766458238934533,1.4114582851706803,0.0,1.1846148591396999,1.1649144270849978,1.8637568202216015
ellipse,500,0.03,ours,posterior,0.95,3,0.0,nan,0.04702104080911595,0.08820725142119502,1.5673680269705317,2.9402417140398343,1.5001233234897113,0.0,1.1846148591396999,1.1649144270849978,1.8637568202216015
ellipse,500,0.03,ours,posterior,0.99,3,0.0,nan,0.05297831552820145,0.09938256400231575,1.7659438509400485,3.312752133410525,1.6901796599033292,0.0,1.1846148591396999,1.1649144270849978,1.8637568202216015
ellipse,500,0.06,mrgap,posterior,0.8,3,0.0,nan,0.04126029559621857,0.058741984178191056,0.6876715932703096,0.9790330696365176,0.49950666818189676,1.0,nan,nan,nan
ellipse,500,0.06,mrgap,posterior,0.9,3,0.3333333333333333,nan,0.04419514154628832,0.06292030311345882,0.7365856924381387,1.048671718557647,0.5350365911008403,1.0,nan,nan,nan
ellipse,500,0.06,mrgap,posterior,0.95,3,0.6666666666666666,nan,0.04697139356867296,0.06687283302186152,0.7828565594778828,1.1145472170310253,0.5686465393015435,1.0,nan,nan,nan
ellipse,500,0.06,mrgap,posterior,0.99,3,0.6666666666666666,nan,0.05292237828980704,0.07534520689320995,0.8820396381634508,1.2557534482201658,0.6406905348062071,1.0,nan,nan,nan
ellipse,500,0.06,ours,frequentist_gp_mean,0.8,3,0.0,nan,0.056837006129357014,0.08187994188115304,0.9472834354892835,1.3646656980192173,0.6962580091934782,0.3333333333333333,1.1522340790933778,1.1408965268667028,1.5534435646339675
ellipse,500,0.06,ours,frequentist_gp_mean,0.9,3,0.0,nan,0.060879823924102044,0.08770406437832372,1.0146637320683676,1.4617344063053954,0.7457828603598956,0.3333333333333333,1.1522340790933778,1.1408965268667028,1.5534435646339675
ellipse,500,0.06,ours,frequentist_gp_mean,0.95,3,0.0,nan,0.064704174935959,0.09321346151073595,1.0784029155993167,1.5535576918455993,0.7926314754314282,0.0,1.1522340790933778,1.1408965268667028,1.5534435646339675
ellipse,500,0.06,ours,frequentist_gp_mean,0.99,3,0.0,nan,0.07290179325602276,0.10502302991205263,1.2150298876003798,1.750383831867544,0.8930529754426244,0.0,1.1522340790933778,1.1408965268667028,1.5534435646339675
ellipse,500,0.06,ours,posterior,0.8,3,0.0,nan,0.0657949818403039,0.12345008258772971,1.0965830306717317,2.057501376462162,1.049745600235797,0.0,1.1522340790933778,1.1408965268667028,1.5534435646339675
ellipse,500,0.06,ours,posterior,0.9,3,0.0,nan,0.0704749806914664,0.13223109032611294,1.17458301152444,2.2038515054352157,1.124414033385314,0.0,1.1522340790933778,1.1408965268667028,1.5534435646339675
ellipse,500,0.06,ours,posterior,0.95,3,0.0,nan,0.07490208061301047,0.1405375878074142,1.2483680102168413,2.3422931301235703,1.1950475153691684,0.0,1.1522340790933778,1.1408965268667028,1.5534435646339675
ellipse,500,0.06,ours,posterior,0.99,3,0.0,nan,0.08439171043754395,0.15834282998240362,1.4065285072923992,2.639047166373394,1.3464526359047928,0.0,1.1522340790933778,1.1408965268667028,1.5534435646339675
ellipse,500,0.1,mrgap,posterior,0.8,3,0.0,nan,0.040145647377424945,0.061655927529871916,0.4014564737742494,0.6165592752987191,0.3145710588258771,1.0,nan,nan,nan
ellipse,500,0.1,mrgap,posterior,0.9,3,0.0,nan,0.04300120836931861,0.06604151533514742,0.43001208369318605,0.6604151533514742,0.33694650681197663,1.0,nan,nan,nan
ellipse,500,0.1,mrgap,posterior,0.95,3,0.0,nan,0.0457024598536083,0.07019011366735363,0.457024598536083,0.7019011366735363,0.35811282483343687,1.0,nan,nan,nan
ellipse,500,0.1,mrgap,posterior,0.99,3,0.0,nan,0.0514926785302042,0.0790827664560856,0.5149267853020421,0.790827664560856,0.40348350232696734,1.0,nan,nan,nan
ellipse,500,0.1,ours,frequentist_gp_mean,0.8,3,0.0,nan,0.08093258080844265,0.10312025717691273,0.8093258080844263,1.031202571769127,0.5261237611066976,1.0,1.14558668493561,1.1394228005894886,1.3002878924434085
ellipse,500,0.1,ours,frequentist_gp_mean,0.9,3,0.0,nan,0.08668931748669657,0.11045520387985273,0.8668931748669658,1.1045520387985273,0.5635469585706772,0.6666666666666666,1.14558668493561,1.1394228005894886,1.3002878924434085
ellipse,500,0.1,ours,frequentist_gp_mean,0.95,3,0.0,nan,0.09213497021165767,0.11739378292780474,0.9213497021165767,1.1739378292780474,0.5989478720806364,0.6666666666666666,1.14558668493561,1.1394228005894886,1.3002878924434085
ellipse,500,0.1,ours,frequentist_gp_mean,0.99,3,0.3333333333333333,nan,0.10380790044333377,0.1322668483295821,1.0380790044333377,1.3226684832958209,0.6748308588243984,0.6666666666666666,1.14558668493561,1.1394228005894886,1.3002878924434085
ellipse,500,0.1,ours,posterior,0.8,3,0.3333333333333333,nan,0.09275398925466932,0.12276825095927356,0.9275398925466932,1.2276825095927355,0.6263686273432324,0.6666666666666666,1.14558668493561,1.1394228005894886,1.3002878924434085
ellipse,500,0.1,ours,posterior,0.9,3,0.3333333333333333,nan,0.09935158303782748,0.13150075999534533,0.9935158303782748,1.3150075999534532,0.6709222448742108,0.6666666666666666,1.14558668493561,1.1394228005894886,1.3002878924434085
ellipse,500,0.1,ours,posterior,0.95,3,0.3333333333333333,nan,0.10559265442453174,0.13976137955914567,1.0559265442453172,1.3976137955914565,0.7130682630568657,0.6666666666666666,1.14558668493561,1.1394228005894886,1.3002878924434085
ellipse,500,0.1,ours,posterior,0.99,3,0.6666666666666666,nan,0.11897058991681551,0.1574682809553138,1.189705899168155,1.5746828095531378,0.8034095967107846,0.3333333333333333,1.14558668493561,1.1394228005894886,1.3002878924434085
ellipse,1000,0.03,mrgap,posterior,0.8,3,1.0,nan,0.02980362389642523,0.04087170291884721,0.993454129880841,1.362390097294907,0.695096988415769,1.0,nan,nan,nan
ellipse,1000,0.03,mrgap,posterior,0.9,3,1.0,nan,0.03192355647630335,0.04377890826118669,1.0641185492101117,1.4592969420395563,0.7445392561426308,1.0,nan,nan,nan
ellipse,1000,0.03,mrgap,posterior,0.95,3,1.0,nan,0.03392893161773653,0.046529013325803656,1.1309643872578845,1.550967110860122,0.7913097504388377,0.6666666666666666,nan,nan,nan
ellipse,1000,0.03,mrgap,posterior,0.99,3,1.0,nan,0.038227517167819414,0.052423951209357805,1.274250572260647,1.747465040311927,0.8915637960775137,0.3333333333333333,nan,nan,nan
ellipse,1000,0.03,ours,frequentist_gp_mean,0.8,3,0.0,nan,0.02966367842286492,0.04263898368874367,0.988789280762164,1.4212994562914558,0.7251527838221713,0.0,1.1539487547528633,1.1418768724652595,1.3881782031147145
ellipse,1000,0.03,ours,frequentist_gp_mean,0.9,3,0.0,nan,0.0317736566773953,0.045671895760402904,1.0591218892465097,1.5223965253467635,0.7767329210952875,0.0,1.1539487547528633,1.1418768724652595,1.3881782031147145
ellipse,1000,0.03,ours,frequentist_gp_mean,0.95,3,0.0,nan,0.03376961540776353,0.04854091458316551,1.1256538469254507,1.6180304861055173,0.8255257582171006,0.0,1.1539487547528633,1.1418768724652595,1.3881782031147145
ellipse,1000,0.03,ours,frequentist_gp_mean,0.99,3,0.0,nan,0.038048016580519116,0.05469074789845699,1.2682672193506372,1.8230249299485664,0.9301147601778399,0.0,1.1539487547528633,1.1418768724652595,1.3881782031147145
ellipse,1000,0.03,ours,posterior,0.8,3,0.0,nan,0.03436748753040305,0.05692898182039414,1.1455829176801018,1.8976327273464713,0.9681799629318731,0.0,1.1539487547528633,1.1418768724652595,1.3881782031147145
ellipse,1000,0.03,ours,posterior,0.9,3,0.0,nan,0.03681204785492772,0.06097834184854892,1.227068261830924,2.0326113949516307,1.0370466300773626,0.0,1.1539487547528633,1.1418768724652595,1.3881782031147145
ellipse,1000,0.03,ours,posterior,0.95,3,0.0,nan,0.039124508427054706,0.06480888156299663,1.3041502809018237,2.1602960520998877,1.1021918633162693,0.0,1.1539487547528633,1.1418768724652595,1.3881782031147145
ellipse,1000,0.03,ours,posterior,0.99,3,0.0,nan,0.04408134138818209,0.073019765564369,1.4693780462727364,2.433992185478967,1.2418327476933504,0.0,1.1539487547528633,1.1418768724652595,1.3881782031147145
ellipse,1000,0.06,mrgap,posterior,0.8,3,0.3333333333333333,nan,0.029699874152932015,0.040403020632991546,0.49499790254886694,0.6733836772165258,0.3435631006206764,1.0,nan,nan,nan
ellipse,1000,0.06,mrgap,posterior,0.9,3,0.3333333333333333,nan,0.031812427010728374,0.043276888591566885,0.5302071168454728,0.7212814765261147,0.3680007533296504,1.0,nan,nan,nan
ellipse,1000,0.06,mrgap,posterior,0.95,3,0.3333333333333333,nan,0.0338108212173177,0.04599545776616754,0.5635136869552951,0.766590962769459,0.3911178381476832,1.0,nan,nan,nan
ellipse,1000,0.06,mrgap,posterior,0.99,3,1.0,nan,0.03809444291099994,0.05182279746405942,0.634907381849999,0.863713291067657,0.4406700464630903,1.0,nan,nan,nan
ellipse,1000,0.06,ours,frequentist_gp_mean,0.8,3,0.0,nan,0.04697191633205506,0.06278495411746443,0.7828652722009176,1.0464159019577406,0.5338856642641533,1.0,1.1428702234853345,1.1356943810332083,1.3404947371859492
ellipse,1000,0.06,ours,frequentist_gp_mean,0.9,3,0.0,nan,0.05031303002070205,0.06725084961468047,0.8385505003450341,1.120847493578008,0.5718609661112285,1.0,1.1428702234853345,1.1356943810332083,1.3404947371859492
ellipse,1000,0.06,ours,frequentist_gp_mean,0.95,3,0.0,nan,0.0534735957856284,0.07147541595200725,0.8912265964271401,1.1912569325334543,0.6077841492517624,1.0,1.1428702234853345,1.1356943810332083,1.3404947371859492
ellipse,1000,0.06,ours,frequentist_gp_mean,0.99,3,0.0,nan,0.06024836926640944,0.08053090858169114,1.0041394877734906,1.3421818096948523,0.6847866375994145,0.6666666666666666,1.1428702234853345,1.1356943810332083,1.3404947371859492
ellipse,1000,0.06,ours,posterior,0.8,3,0.0,nan,0.05377069624118284,0.07461759154465321,0.8961782706863808,1.2436265257442203,0.6345033294613368,0.6666666666666666,1.1428702234853345,1.1356943810332083,1.3404947371859492
ellipse,1000,0.06,ours,posterior,0.9,3,0.0,nan,0.057595407330027514,0.07992514286449529,0.9599234555004587,1.3320857144082547,0.6796355685756402,0.6666666666666666,1.1428702234853345,1.1356943810332083,1.3404947371859492
ellipse,1000,0.06,ours,posterior,0.95,3,0.0,nan,0.06121343773983135,0.08494588341998224,1.0202239623305225,1.4157647236663709,0.7223289406461075,0.3333333333333333,1.1428702234853345,1.1356943810332083,1.3404947371859492
ellipse,1000,0.06,ours,posterior,0.99,3,0.0,nan,0.0689688012715785,0.09570800086954195,1.149480021192975,1.5951333478256993,0.8138435448090302,0.0,1.1428702234853345,1.1356943810332083,1.3404947371859492
ellipse,1000,0.1,mrgap,posterior,0.8,3,0.0,nan,0.028546562409579868,0.041984863467262316,0.2854656240957987,0.4198486346726231,0.21420848707786896,1.0,nan,nan,nan
ellipse,1000,0.1,mrgap,posterior,0.9,3,0.0,nan,0.030577080171644736,0.04497124794974332,0.3057708017164474,0.44971247949743315,0.2294451426007312,1.0,nan,nan,nan
ellipse,1000,0.1,mrgap,posterior,0.95,3,0.0,nan,0.03249787231519372,0.047796253452641664,0.3249787231519372,0.4779625345264166,0.24385843598286563,1.0,nan,nan,nan
ellipse,1000,0.1,mrgap,posterior,0.99,3,0.0,nan,0.03661515151267674,0.05385174281359227,0.3661515151267673,0.5385174281359226,0.27475378986526666,1.0,nan,nan,nan
ellipse,1000,0.1,ours,frequentist_gp_mean,0.8,3,0.3333333333333333,nan,0.065305051721152,0.08069236131482918,0.65305051721152,0.8069236131482918,0.4116957209940264,1.0,1.1358143843178132,1.1357077017737482,1.2255199038003377
ellipse,1000,0.1,ours,frequentist_gp_mean,0.9,3,0.3333333333333333,nan,0.06995020182958904,0.08643201117395659,0.6995020182958903,0.8643201117395658,0.44097964884671725,1.0,1.1358143843178132,1.1357077017737482,1.2255199038003377
ellipse,1000,0.1,ours,frequentist_gp_mean,0.95,3,0.6666666666666666,nan,0.07434433617334292,0.09186150042152799,0.7434433617334292,0.9186150042152799,0.46868112459963257,1.0,1.1358143843178132,1.1357077017737482,1.2255199038003377
ellipse,1000,0.1,ours,frequentist_gp_mean,0.99,3,0.6666666666666666,nan,0.08376330323089022,0.103499783724103,0.8376330323089022,1.03499783724103,0.5280601210413418,1.0,1.1358143843178132,1.1357077017737482,1.2255199038003377
ellipse,1000,0.1,ours,posterior,0.8,3,0.6666666666666666,nan,0.07426904683536069,0.09632528119581536,0.7426904683536067,0.9632528119581536,0.4914555163051804,1.0,1.1358143843178132,1.1357077017737482,1.2255199038003377
ellipse,1000,0.1,ours,posterior,0.9,3,0.6666666666666666,nan,0.07955180616053321,0.10317690107206215,0.7955180616053322,1.0317690107206214,0.5264127605717457,1.0,1.1358143843178132,1.1357077017737482,1.2255199038003377
ellipse,1000,0.1,ours,posterior,0.95,3,0.6666666666666666,nan,0.08454909443725962,0.1096582714273235,0.8454909443725963,1.096582714273235,0.5594809766700178,1.0,1.1358143843178132,1.1357077017737482,1.2255199038003377
ellipse,1000,0.1,ours,posterior,0.99,3,1.0,nan,0.09526094117960165,0.12355129541980737,0.9526094117960165,1.2355129541980736,0.6303637521418743,1.0,1.1358143843178132,1.1357077017737482,1.2255199038003377
ellipse,3000,0.03,mrgap,posterior,0.8,3,1.0,nan,0.017725964007049674,0.02033004663137701,0.5908654669016559,0.6776682210459004,0.34574909237035734,1.0,nan,nan,nan
ellipse,3000,0.03,mrgap,posterior,0.9,3,1.0,nan,0.018986812309889748,0.0217761234022447,0.6328937436629914,0.7258707800748234,0.37034223473205274,1.0,nan,nan,nan
ellipse,3000,0.03,mrgap,posterior,0.95,3,1.0,nan,0.02017952658185922,0.023144056720703698,0.672650886061974,0.77146855735679,0.3936064068146887,1.0,nan,nan,nan
ellipse,3000,0.03,mrgap,posterior,0.99,3,1.0,nan,0.022736147649377533,0.026076265400622998,0.7578715883125843,0.8692088466874333,0.44347390137113946,1.0,nan,nan,nan
ellipse,3000,0.03,ours,frequentist_gp_mean,0.8,3,0.0,nan,0.02154818160403725,0.028848748718413746,0.7182727201345752,0.9616249572804583,0.49062497820431544,1.0,1.1358584576425386,1.1305442417074367,1.3087720802866392
ellipse,3000,0.03,ours,frequentist_gp_mean,0.9,3,0.0,nan,0.023080904348703492,0.03090076100086031,0.7693634782901163,1.0300253666953438,0.5255231462731346,1.0,1.1358584576425386,1.1305442417074367,1.3087720802866392
ellipse,3000,0.03,ours,frequentist_gp_mean,0.95,3,0.0,nan,0.02453080144450623,0.03284188613860903,0.817693381483541,1.0947295379536344,0.5585354785477726,1.0,1.1358584576425386,1.1305442417074367,1.3087720802866392
ellipse,3000,0.03,ours,frequentist_gp_mean,0.99,3,0.0,nan,0.02763870209429219,0.03700274975740604,0.9212900698097396,1.2334249919135347,0.6292984652620075,1.0,1.1358584576425386,1.1305442417074367,1.3087720802866392
ellipse,3000,0.03,ours,posterior,0.8,3,0.0,nan,0.024510088661293426,0.03467362150461666,0.8170029553764476,1.155787383487222,0.5896874405547051,1.0,1.1358584576425386,1.1305442417074367,1.3087720802866392
ellipse,3000,0.03,ours,posterior,0.9,3,0.0,nan,0.026253491935651935,0.037139957147069066,0.8751163978550646,1.237998571568969,0.6316319242698821,1.0,1.1358584576425386,1.1305442417074367,1.3087720802866392
ellipse,3000,0.03,ours,posterior,0.95,3,0.0,nan,0.027902684754837148,0.039473016337134924,0.9300894918279049,1.315767211237831,0.6713098016519545,1.0,1.1358584576425386,1.1305442417074367,1.3087720802866392
ellipse,3000,0.03,ours,posterior,0.99,3,0.0,nan,0.03143778214154532,0.04447400309252964,1.047926071384844,1.4824667697509881,0.7563605968117286,0.6666666666666666,1.1358584576425386,1.1305442417074367,1.3087720802866392
ellipse,3000,0.06,mrgap,posterior,0.8,100,0.3,nan,0.017729588936835506,0.02232295389917881,0.2954931489472584,0.3720492316529802,0.18982103655764296,1.0,nan,nan,nan
ellipse,3000,0.06,mrgap,posterior,0.9,100,0.37,nan,0.018990695081030025,0.023910786218310404,0.31651158468383367,0.3985131036385067,0.20332301206046263,1.0,nan,nan,nan
ellipse,3000,0.06,mrgap,posterior,0.95,100,0.46,nan,0.02018365326105937,0.025412814863831644,0.33639422101765626,0.4235469143971941,0.21609536448836433,1.0,nan,nan,nan
ellipse,3000,0.06,mrgap,posterior,0.99,100,0.75,nan,0.022740797153280198,0.028632461152472595,0.37901328588800326,0.47720768587454326,0.24347330911966494,1.0,nan,nan,nan
ellipse,3000,0.06,ours,frequentist_gp_mean,0.8,100,0.44,nan,0.03394688446307181,0.04603427187168943,0.5657814077178634,0.7672378645281572,0.39144789006538633,1.0,1.1194552421515949,1.1164978685774467,1.2930697347548707
ellipse,3000,0.06,ours,frequentist_gp_mean,0.9,100,0.56,nan,0.0363615272799561,0.049308690884320536,0.6060254546659352,0.8218115147386756,0.4192915891523855,1.0,1.1194552421515949,1.1164978685774467,1.2930697347548707
ellipse,3000,0.06,ours,frequentist_gp_mean,0.95,100,0.64,nan,0.03864568703408298,0.05240616603654642,0.6440947839013831,0.873436100609107,0.44563066357607506,1.0,1.1194552421515949,1.1164978685774467,1.2930697347548707
ellipse,3000,0.06,ours,frequentist_gp_mean,0.99,100,0.81,nan,0.043541856289553815,0.059045702777578965,0.7256976048258972,0.9840950462929828,0.5020893093331544,1.0,1.1194552421515949,1.1164978685774467,1.2930697347548707
ellipse,3000,0.06,ours,posterior,0.8,100,0.62,nan,0.038036959776672104,0.059525523718759056,0.6339493296112018,0.9920920619793177,0.5061694193772028,1.0,1.1194552421515949,1.1164978685774467,1.2930697347548707
ellipse,3000,0.06,ours,posterior,0.9,100,0.74,nan,0.04074252976206415,0.06375957584289826,0.679042162701069,1.0626595973816377,0.5421732639702234,1.0,1.1194552421515949,1.1164978685774467,1.2930697347548707
ellipse,3000,0.06,ours,posterior,0.95,100,0.78,nan,0.04330189549077276,0.06776482721639679,0.721698258179546,1.1294137869399465,0.5762315239489523,1.0,1.1194552421515949,1.1164978685774467,1.2930697347548707
ellipse,3000,0.06,ours,posterior,0.99,100,0.84,nan,0.04878797752674617,0.07635021122901896,0.813132958779103,1.2725035204836495,0.6492364900426782,1.0,1.1194552421515949,1.1164978685774467,1.2930697347548707
ellipse,3000,0.06,ours_oracle_direction,frequentist_gp_mean,0.8,100,0.74,nan,0.03449862539774997,0.048886196895325126,0.5749770899624996,0.8147699482554188,0.4156989531915402,1.0,1.121279183860593,1.1188983868426887,1.2965740494245452
ellipse,3000,0.06,ours_oracle_direction,frequentist_gp_mean,0.9,100,0.84,nan,0.036952513562352435,0.052363473412600156,0.6158752260392073,0.8727245568766693,0.44526763105952516,1.0,1.121279183860593,1.1188983868426887,1.2965740494245452
ellipse,3000,0.06,ours_oracle_direction,frequentist_gp_mean,0.95,100,0.94,nan,0.03927379791443961,0.05565284400571289,0.6545632985739936,0.9275474000952149,0.4732384694363341,1.0,1.121279183860593,1.1188983868426887,1.2965740494245452
ellipse,3000,0.06,ours_oracle_direction,frequentist_gp_mean,0.99,100,0.97,nan,0.0442495449292272,0.06270371474220598,0.7374924154871202,1.0450619123700997,0.5331948532500509,1.0,1.121279183860593,1.1188983868426887,1.2965740494245452
ellipse,3000,0.06,ours_oracle_direction,posterior,0.8,100,0.89,nan,0.038716443860304664,0.059470002568727816,0.6452740643384114,0.9911667094787969,0.5056973007544883,1.0,1.121279183860593,1.1188983868426887,1.2965740494245452
ellipse,3000,0.06,ours_oracle_direction,posterior,0.9,100,0.97,nan,0.04147034556708091,0.0637001054719524,0.691172426118015,1.06166842453254,0.5416675635370102,1.0,1.121279183860593,1.1188983868426887,1.2965740494245452
ellipse,3000,0.06,ours_oracle_direction,posterior,0.95,100,0.97,nan,0.044075431255719624,0.06770162103350794,0.7345905209286603,1.1283603505584656,0.5756940564073805,1.0,1.121279183860593,1.1188983868426887,1.2965740494245452
ellipse,3000,0.06,ours_oracle_direction,posterior,0.99,100,0.99,nan,0.04965951548342531,0.07627899721412694,0.8276585913904221,1.2713166202354491,0.6486309286915556,1.0,1.121279183860593,1.1188983868426887,1.2965740494245452
ellipse,3000,0.1,mrgap,posterior,0.8,3,0.0,nan,0.017476569809960697,0.020450879039669276,0.17476569809960696,0.20450879039669276,0.10434121959014936,1.0,nan,nan,nan
ellipse,3000,0.1,mrgap,posterior,0.9,3,0.0,nan,0.018719678696766037,0.02190555062303138,0.18719678696766037,0.21905550623031378,0.11176301338281315,1.0,nan,nan,nan
ellipse,3000,0.1,mrgap,posterior,0.95,3,0.0,nan,0.019895612159629945,0.023281614305392127,0.1989561215962994,0.23281614305392126,0.11878374645608228,1.0,nan,nan,nan
ellipse,3000,0.1,mrgap,posterior,0.99,3,0.0,nan,0.02241626302783267,0.02623125067954324,0.2241626302783267,0.2623125067954324,0.13383291163032265,1.0,nan,nan,nan
ellipse,3000,0.1,ours,frequentist_gp_mean,0.8,3,0.3333333333333333,nan,0.04697878467836344,0.05702552361729231,0.46978784678363444,0.5702552361729231,0.2909465490678179,1.0,1.0916886557156846,1.0899010653687808,1.1434318608923426
ellipse,3000,0.1,ours,frequentist_gp_mean,0.9,3,0.6666666666666666,nan,0.05032038691267049,0.061081750666091145,0.5032038691267049,0.6108175066609114,0.31164158503107725,1.0,1.0916886557156846,1.0899010653687808,1.1434318608923426
ellipse,3000,0.1,ours,frequentist_gp_mean,0.95,3,0.6666666666666666,nan,0.05348141482310633,0.06491878631943146,0.5348141482310632,0.6491878631943145,0.33121829754811966,1.0,1.0916886557156846,1.0899010653687808,1.1434318608923426
ellipse,3000,0.1,ours,frequentist_gp_mean,0.99,3,0.6666666666666666,nan,0.060257178927520805,0.07314359457292054,0.602571789275208,0.7314359457292053,0.37318160496388025,1.0,1.0916886557156846,1.0899010653687808,1.1434318608923426
ellipse,3000,0.1,ours,posterior,0.8,3,0.6666666666666666,nan,0.05131344241402378,0.06520480058808077,0.5131344241402379,0.6520480058808077,0.3326775540208203,1.0,1.0916886557156846,1.0899010653687808,1.1434318608923426
ellipse,3000,0.1,ours,posterior,0.9,3,0.6666666666666666,nan,0.0549633689711844,0.06984281983069068,0.549633689711844,0.6984281983069068,0.35634091750352387,1.0,1.0916886557156846,1.0899010653687808,1.1434318608923426
ellipse,3000,0.1,ours,posterior,0.95,3,0.6666666666666666,nan,0.05841605989883999,0.07423020864809986,0.5841605989883997,0.7423020864809985,0.3787255543270401,1.0,1.0916886557156846,1.0899010653687808,1.1434318608923426
ellipse,3000,0.1,ours,posterior,0.99,3,1.0,nan,0.06581701297932724,0.08363471645486957,0.6581701297932724,0.8363471645486956,0.42670773701464065,1.0,1.0916886557156846,1.0899010653687808,1.1434318608923426
torus,500,0.03,mrgap,posterior,0.8,3,nan,nan,0.5532059017409715,0.7920883528708272,18.440196724699053,26.402945095694243,13.470890354946041,nan,nan,nan,nan
torus,500,0.03,mrgap,posterior,0.9,3,nan,nan,0.5857229266146886,0.8386467077101835,19.52409755382295,27.954890257006117,14.262699110717406,nan,nan,nan,nan
torus,500,0.03,mrgap,posterior,0.95,3,nan,nan,0.6167282924676086,0.8830406469131244,20.55760974892029,29.434688230437484,15.017698076753817,nan,nan,nan,nan
torus,500,0.03,mrgap,posterior,0.99,3,nan,nan,0.6838686574581109,0.9791732097601747,22.795621915270363,32.63910699200583,16.652605608166237,nan,nan,nan,nan
torus,500,0.03,ours,frequentist_gp_mean,0.8,3,nan,nan,0.03607649780234794,0.05547742712966262,1.2025499267449313,1.849247570988754,0.9434936586677316,nan,2.8427584029324056,3.1617562981988185,3.640642474434688
torus,500,0.03,ours,frequentist_gp_mean,0.9,3,nan,nan,0.03819704708192671,0.05873834837476845,1.2732349027308905,1.957944945825615,0.9989515029722525,nan,2.8427584029324056,3.1617562981988185,3.640642474434688
torus,500,0.03,ours,frequentist_gp_mean,0.95,3,nan,nan,0.040219015773030116,0.061847675154039335,1.340633859101004,2.061589171801311,1.0518312101027099,nan,2.8427584029324056,3.1617562981988185,3.640642474434688
torus,500,0.03,ours,frequentist_gp_mean,0.99,3,nan,nan,0.04459747453929765,0.06858074632066545,1.486582484643255,2.286024877355515,1.166339223140569,nan,2.8427584029324056,3.1617562981988185,3.640642474434688
torus,500,0.03,ours,posterior,0.8,3,nan,nan,0.09691640287528229,0.10958625024862272,3.2305467625094093,3.652875008287424,1.8637117389221551,nan,2.8427584029324056,3.1617562981988185,3.640642474434688
torus,500,0.03,ours,posterior,0.9,3,nan,nan,0.10261307580131035,0.11602764722927233,3.4204358600436784,3.8675882409757447,1.973259306620278,nan,2.8427584029324056,3.1617562981988185,3.640642474434688
torus,500,0.03,ours,posterior,0.95,3,nan,nan,0.1080449204704298,0.12216959504782461,3.601497349014327,4.072319834927487,2.077714201493616,nan,2.8427584029324056,3.1617562981988185,3.640642474434688
torus,500,0.03,ours,posterior,0.99,3,nan,nan,0.1198072726834758,0.1354696354423288,3.9935757561158596,4.515654514744293,2.3039053646654555,nan,2.8427584029324056,3.1617562981988185,3.640642474434688
torus,500,0.06,mrgap,posterior,0.8,3,nan,nan,0.5488131459974953,0.7948016065665787,9.146885766624921,13.246693442776312,6.758517062640975,nan,nan,nan,nan
torus,500,0.06,mrgap,posterior,0.9,3,nan,nan,0.5810719680080011,0.8415194444078983,9.684532800133354,14.025324073464972,7.155777588502537,nan,nan,nan,nan
torus,500,0.06,mrgap,posterior,0.95,3,nan,nan,0.611831134392513,0.886065452529887,10.19718557320855,14.767757542164784,7.53457017457387,nan,nan,nan,nan
torus,500,0.06,mrgap,posterior,0.99,3,nan,nan,0.6784383683679573,0.9825273120147194,11.307306139465956,16.375455200245323,8.354824081757819,nan,nan,nan,nan
torus,500,0.06,ours,frequentist_gp_mean,0.8,3,nan,nan,0.08393478906689746,0.1109855933365618,1.3989131511149575,1.8497598889426967,0.9437550453789268,nan,2.1053380544733584,1.9241637825196602,3.6457892440995185
torus,500,0.06,ours,frequentist_gp_mean,0.9,3,nan,nan,0.08886841254283867,0.1175092426465054,1.4811402090473116,1.9584873774417568,0.9992282537968147,nan,2.1053380544733584,1.9241637825196602,3.6457892440995185
torus,500,0.06,ours,frequentist_gp_mean,0.95,3,nan,nan,0.09357268058230978,0.12372961902892289,1.5595446763718297,2.062160317148715,1.0521226107901607,nan,2.1053380544733584,1.9241637825196602,3.6457892440995185
torus,500,0.06,ours,frequentist_gp_mean,0.99,3,nan,nan,0.10375950678141092,0.13719949203977388,1.7293251130235152,2.2866582006628984,1.1666623472769888,nan,2.1053380544733584,1.9241637825196602,3.6457892440995185
torus,500,0.06,ours,posterior,0.8,3,nan,nan,0.16802026907396164,0.2199398924296853,2.800337817899361,3.6656648738280886,1.870237180524535,nan,2.1053380544733584,1.9241637825196602,3.6457892440995185
torus,500,0.06,ours,posterior,0.9,3,nan,nan,0.17789637352543733,0.23286779310889283,2.964939558757289,3.881129885148214,1.9801683087490887,nan,2.1053380544733584,1.9241637825196602,3.6457892440995185
torus,500,0.06,ours,posterior,0.95,3,nan,nan,0.18731335533447005,0.24519469853230477,3.121889255574501,4.086578308871746,2.0849889330978297,nan,2.1053380544733584,1.9241637825196602,3.6457892440995185
torus,500,0.06,ours,posterior,0.99,3,nan,nan,0.20770529648319314,0.27188791457940176,3.4617549413865523,4.53146524299003,2.311972062750015,nan,2.1053380544733584,1.9241637825196602,3.6457892440995185
torus,500,0.1,mrgap,posterior,0.8,3,nan,nan,0.5418559558055055,0.7974102736626312,5.418559558055056,7.974102736626311,4.068419763584853,nan,nan,nan,nan
torus,500,0.1,mrgap,posterior,0.9,3,nan,nan,0.5737058394337344,0.8442814469846147,5.737058394337343,8.442814469846146,4.307558402982728,nan,nan,nan,nan
torus,500,0.1,mrgap,posterior,0.95,3,nan,nan,0.6040750782586665,0.8889736622917528,6.040750782586663,8.889736622917527,4.5355799096517995,nan,nan,nan,nan
torus,500,0.1,mrgap,posterior,0.99,3,nan,nan,0.6698379461719836,0.9857521251613585,6.698379461719835,9.857521251613584,5.029347577353869,nan,nan,nan,nan
torus,500,0.1,ours,frequentist_gp_mean,0.8,3,nan,nan,0.1433497452244342,0.17819556267816755,1.4334974522443418,1.7819556267816754,0.9091610340722834,nan,1.6622715387762745,1.5397079691301476,3.482946410819603
torus,500,0.1,ours,frequentist_gp_mean,0.9,3,nan,nan,0.15177573492634175,0.18866976319872722,1.5177573492634175,1.8866976319872721,0.9626008326465674,nan,1.6622715387762745,1.5397079691301476,3.482946410819603
torus,500,0.1,ours,frequentist_gp_mean,0.95,3,nan,nan,0.15981001525780428,0.19865703664757506,1.5981001525780425,1.9865703664757506,1.0135563094264033,nan,1.6622715387762745,1.5397079691301476,3.482946410819603
torus,500,0.1,ours,frequentist_gp_mean,0.99,3,nan,nan,0.17720779461152217,0.2202839120663808,1.7720779461152218,2.202839120663808,1.123897510542759,nan,1.6622715387762745,1.5397079691301476,3.482946410819603
torus,500,0.1,ours,posterior,0.8,3,nan,nan,0.23515174696750005,0.3660494535097852,2.351517469675,3.6604945350978517,1.8675992526009448,nan,1.6622715387762745,1.5397079691301476,3.482946410819603
torus,500,0.1,ours,posterior,0.9,3,nan,nan,0.2489737889615865,0.3875655637814386,2.4897378896158653,3.875655637814386,1.9773753254155029,nan,1.6622715387762745,1.5397079691301476,3.482946410819603
torus,500,0.1,ours,posterior,0.95,3,nan,nan,0.2621532686503164,0.40808142811082265,2.621532686503164,4.080814281108227,2.082048102606238,nan,1.6622715387762745,1.5397079691301476,3.482946410819603
torus,500,0.1,ours,posterior,0.99,3,nan,nan,0.29069268601709763,0.4525073712106279,2.9069268601709766,4.525073712106279,2.308711077605244,nan,1.6622715387762745,1.5397079691301476,3.482946410819603
torus,1000,0.03,mrgap,posterior,0.8,3,nan,nan,0.4428263520935695,0.7814371674122463,14.760878403118985,26.047905580408212,13.289747745106231,nan,nan,nan,nan
torus,1000,0.03,mrgap,posterior,0.9,3,nan,nan,0.46885535044743404,0.8273694536189266,15.628511681581136,27.578981787297554,14.070909075151812,nan,nan,nan,nan
torus,1000,0.03,mrgap,posterior,0.95,3,nan,nan,0.4936743066674709,0.8711664290135075,16.45581022224903,29.038880967116917,14.815755595467815,nan,nan,nan,nan
torus,1000,0.03,mrgap,posterior,0.99,3,nan,nan,0.5474183517208733,0.9660063005190154,18.24727839069578,32.20021001730051,16.428678580255365,nan,nan,nan,nan
torus,1000,0.03,ours,frequentist_gp_mean,0.8,3,nan,nan,0.03831289868200841,0.055503362723402914,1.277096622733614,1.8501120907800972,0.9439347401939272,nan,2.585544799951335,2.6195257151127254,3.6572441988027014
torus,1000,0.03,ours,frequentist_gp_mean,0.9,3,nan,nan,0.04056490191535497,0.05876580844311054,1.352163397178499,1.958860281437018,0.9994185109372541,nan,2.585544799951335,2.6195257151127254,3.6572441988027014
torus,1000,0.03,ours,frequentist_gp_mean,0.95,3,nan,nan,0.04271221349822696,0.06187658882685311,1.4237404499408985,2.0625529608951036,1.0523229392321958,nan,2.585544799951335,2.6195257151127254,3.6572441988027014
torus,1000,0.03,ours,frequentist_gp_mean,0.99,3,nan,nan,0.047362095202776504,0.06861280769169519,1.578736506759217,2.287093589723173,1.1668844845526392,nan,2.585544799951335,2.6195257151127254,3.6572441988027014
torus,1000,0.03,ours,posterior,0.8,3,nan,nan,0.09307103643375751,0.1097971963503114,3.10236788112525,3.6599065450103803,1.8672992576583574,nan,2.585544799951335,2.6195257151127254,3.6572441988027014
torus,1000,0.03,ours,posterior,0.9,3,nan,nan,0.09854168162610788,0.11625099258341663,3.284722720870263,3.8750330861138877,1.9770576969968816,nan,2.585544799951335,2.6195257151127254,3.6572441988027014
torus,1000,0.03,ours,posterior,0.95,3,nan,nan,0.10375800619144175,0.12240476323509039,3.458600206381392,4.080158774503013,2.081713660460721,nan,2.585544799951335,2.6195257151127254,3.6572441988027014
torus,1000,0.03,ours,posterior,0.99,3,nan,nan,0.11505366181720673,0.13573040530560007,3.8351220605735588,4.524346843520003,2.308340226285716,nan,2.585544799951335,2.6195257151127254,3.6572441988027014
torus,1000,0.06,mrgap,posterior,0.8,3,nan,nan,0.4402212219294666,0.7431512201090356,7.337020365491111,12.385853668483927,6.319313096165269,nan,nan,nan,nan
torus,1000,0.06,mrgap,posterior,0.9,3,nan,nan,0.4660970927008547,0.7868330872640492,7.768284878347578,13.113884787734154,6.690757544762324,nan,nan,nan,nan
torus,1000,0.06,mrgap,posterior,0.95,3,nan,nan,0.49077003996911,0.8284842616116314,8.179500666151835,13.808071026860523,7.044934197377818,nan,nan,nan,nan
torus,1000,0.06,mrgap,posterior,0.99,3,nan,nan,0.5441979109008784,0.9186775223925336,9.06996518168131,15.31129203987556,7.811883693814062,nan,nan,nan,nan
torus,1000,0.06,ours,frequentist_gp_mean,0.8,3,nan,nan,0.08507051303685564,0.1123332704192083,1.4178418839475941,1.8722211736534717,0.9552148845170775,nan,1.9346170556452613,1.7280958095007717,3.578127717584334
torus,1000,0.06,ours,frequentist_gp_mean,0.9,3,nan,nan,0.09007089350954002,0.11893613516969628,1.5011815584923338,1.982268919494938,1.0113616936198664,nan,1.9346170556452613,1.7280958095007717,3.578127717584334
torus,1000,0.06,ours,frequentist_gp_mean,0.95,3,nan,nan,0.0948388151309517,0.1252320444068204,1.580646918849195,2.087200740113673,1.0648983367926905,nan,1.9346170556452613,1.7280958095007717,3.578127717584334
torus,1000,0.06,ours,frequentist_gp_mean,0.99,3,nan,nan,0.10516347955923927,0.1388654795397194,1.7527246593206545,2.3144246589953235,1.180828907650675,nan,1.9346170556452613,1.7280958095007717,3.578127717584334
torus,1000,0.06,ours,posterior,0.8,3,nan,nan,0.15860541800276343,0.21738565187466558,2.6434236333793906,3.623094197911093,1.8485174479138229,nan,1.9346170556452613,1.7280958095007717,3.578127717584334
torus,1000,0.06,ours,posterior,0.9,3,nan,nan,0.16792812462261617,0.23016341622416356,2.7988020770436024,3.836056937069393,1.9571719066680575,nan,1.9346170556452613,1.7280958095007717,3.578127717584334
torus,1000,0.06,ours,posterior,0.95,3,nan,nan,0.17681743508722791,0.24234716489050637,2.946957251453798,4.039119414841773,2.060775211653966,nan,1.9346170556452613,1.7280958095007717,3.578127717584334
torus,1000,0.06,ours,posterior,0.99,3,nan,nan,0.19606673380342785,0.2687303830821975,3.2677788967237973,4.478839718036625,2.2851223051207272,nan,1.9346170556452613,1.7280958095007717,3.578127717584334
torus,1000,0.1,mrgap,posterior,0.8,3,nan,nan,0.44469174145990137,0.7458452158888278,4.446917414599013,7.458452158888278,3.8053327341266723,nan,nan,nan,nan
torus,1000,0.1,mrgap,posterior,0.9,3,nan,nan,0.4708303859911356,0.7896854340800569,4.7083038599113545,7.8968543408005685,4.029007316734984,nan,nan,nan,nan
torus,1000,0.1,mrgap,posterior,0.95,3,nan,nan,0.49575389113152774,0.831487598004026,4.957538911315277,8.31487598004026,4.242283663285847,nan,nan,nan,nan
torus,1000,0.1,mrgap,posterior,0.99,3,nan,nan,0.5497243309549621,0.9220078181672648,5.497243309549621,9.220078181672648,4.7041215212615555,nan,nan,nan,nan
torus,1000,0.1,ours,frequentist_gp_mean,0.8,3,nan,nan,0.1416658485630188,0.17137673013655516,1.4166584856301883,1.7137673013655514,0.8743710721252814,nan,1.5394797364321284,1.425213544442645,3.242680101198029
torus,1000,0.1,ours,frequentist_gp_mean,0.9,3,nan,nan,0.14999286009160664,0.1814501248329768,1.4999286009160666,1.8145012483297678,0.9257659430253917,nan,1.5394797364321284,1.425213544442645,3.242680101198029
torus,1000,0.1,ours,frequentist_gp_mean,0.95,3,nan,nan,0.1579327635701083,0.19105522521212828,1.579327635701083,1.9105522521212828,0.9747715572047361,nan,1.5394797364321284,1.425213544442645,3.242680101198029
torus,1000,0.1,ours,frequentist_gp_mean,0.99,3,nan,nan,0.17512617519004411,0.21185452647778022,1.7512617519004412,2.118545264777802,1.0808904412131644,nan,1.5394797364321284,1.425213544442645,3.242680101198029
torus,1000,0.1,ours,posterior,0.8,3,nan,nan,0.21715572163756125,0.34549982875079543,2.171557216375612,3.454998287507954,1.7627542283203848,nan,1.5394797364321284,1.425213544442645,3.242680101198029
torus,1000,0.1,ours,posterior,0.9,3,nan,nan,0.22991997086146923,0.3658080476074608,2.2991997086146925,3.6580804760746077,1.8663675898339835,nan,1.5394797364321284,1.425213544442645,3.242680101198029
torus,1000,0.1,ours,posterior,0.95,3,nan,nan,0.2420908326965262,0.3851721732590984,2.420908326965262,3.851721732590984,1.9651641492811143,nan,1.5394797364321284,1.425213544442645,3.242680101198029
torus,1000,0.1,ours,posterior,0.99,3,nan,nan,0.26844614518440446,0.42710409143546296,2.6844614518440437,4.2710409143546295,2.1791025073237904,nan,1.5394797364321284,1.425213544442645,3.242680101198029
torus,3000,0.03,mrgap,posterior,0.8,3,nan,nan,0.2890018983810127,0.48356207222352815,9.633396612700423,16.118735740784274,8.22384476570626,nan,nan,nan,nan
torus,3000,0.03,mrgap,posterior,0.9,3,nan,nan,0.30598921158326226,0.5119854854246423,10.199640386108742,17.066182847488076,8.707236146677591,nan,nan,nan,nan
torus,3000,0.03,mrgap,posterior,0.95,3,nan,nan,0.3221868146155007,0.5390875443772,10.739560487183356,17.969584812573334,9.168155516619047,nan,nan,nan,nan
torus,3000,0.03,mrgap,posterior,0.99,3,nan,nan,0.35726180727046813,0.5977755191845496,11.908726909015606,19.925850639484988,10.166250326267852,nan,nan,nan,nan
torus,3000,0.03,ours,frequentist_gp_mean,0.8,3,nan,nan,0.03986454292010962,0.05475198547952257,1.3288180973369872,1.8250661826507524,0.931156215638139,nan,2.3456464220963706,2.2151127481331017,3.6440594049634174
torus,3000,0.03,ours,frequentist_gp_mean,0.9,3,nan,nan,0.04220775062927017,0.05797026581261391,1.4069250209756723,1.932342193753797,0.9858888743641822,nan,2.3456464220963706,2.2151127481331017,3.6440594049634174
torus,3000,0.03,ours,frequentist_gp_mean,0.95,3,nan,nan,0.044442026753056314,0.06103893398051288,1.481400891768544,2.0346311326837627,1.0380771085121239,nan,2.3456464220963706,2.2151127481331017,3.6440594049634174
torus,3000,0.03,ours,frequentist_gp_mean,0.99,3,nan,nan,0.0492802252491543,0.0676839612253073,1.6426741749718101,2.256132040843577,1.1510877759406004,nan,2.3456464220963706,2.2151127481331017,3.6440594049634174
torus,3000,0.03,ours,posterior,0.8,3,nan,nan,0.08844995077226168,0.11003564863526115,2.9483316924087224,3.667854954508705,1.8713545686268904,nan,2.3456464220963706,2.2151127481331017,3.6440594049634174
torus,3000,0.03,ours,posterior,0.9,3,nan,nan,0.09364897204135757,0.11650346091348901,3.1216324013785854,3.8834486971163003,1.9813513760797452,nan,2.3456464220963706,2.2151127481331017,3.6440594049634174
torus,3000,0.03,ours,posterior,0.95,3,nan,nan,0.09860629999960273,0.12267059602911745,3.286876666653424,4.089019867637249,2.086234626345535,nan,2.3456464220963706,2.2151127481331017,3.6440594049634174
torus,3000,0.03,ours,posterior,0.99,3,nan,nan,0.10934111313075802,0.13602517808995254,3.644703771025268,4.534172602998418,2.313353368876744,nan,2.3456464220963706,2.2151127481331017,3.6440594049634174
torus,3000,0.06,mrgap,posterior,0.8,3,nan,nan,0.2871537672641638,0.4782393897020608,4.785896121069396,7.970656495034347,4.06666147705834,nan,nan,nan,nan
torus,3000,0.06,mrgap,posterior,0.9,3,nan,nan,0.30403244871590723,0.5063499396466538,5.067207478598454,8.439165660777563,4.305696765702838,nan,nan,nan,nan
torus,3000,0.06,mrgap,posterior,0.95,3,nan,nan,0.3201264700957415,0.5331536798025795,5.335441168262359,8.885894663376327,4.533619726212411,nan,nan,nan,nan
torus,3000,0.06,mrgap,posterior,0.99,3,nan,nan,0.3549771625446825,0.5911956621393224,5.916286042411375,9.853261035655374,5.027173997783354,nan,nan,nan,nan
torus,3000,0.06,ours,frequentist_gp_mean,0.8,3,nan,nan,0.08572260952877431,0.11029423631272937,1.4287101588129054,1.838237271878823,0.9378761591218484,nan,1.7084762332061594,1.5115493516855192,3.592163030378165
torus,3000,0.06,ours,frequentist_gp_mean,0.9,3,nan,nan,0.09076131974049627,0.11677724817923676,1.5126886623416045,1.946287469653946,0.9930038110479317,nan,1.7084762332061594,1.5115493516855192,3.592163030378165
torus,3000,0.06,ours,frequentist_gp_mean,0.95,3,nan,nan,0.09556578921911572,0.12295887628114703,1.5927631536519289,2.049314604685784,1.045568675860094,nan,1.7084762332061594,1.5115493516855192,3.592163030378165
torus,3000,0.06,ours,frequentist_gp_mean,0.99,3,nan,nan,0.10596959596374278,0.13634484208353773,1.766159932729046,2.272414034725629,1.1593949156763412,nan,1.7084762332061594,1.5115493516855192,3.592163030378165
torus,3000,0.06,ours,posterior,0.8,3,nan,nan,0.14376259863634974,0.2171229602167191,2.396043310605829,3.618716003611985,1.8462836753122371,nan,1.7084762332061594,1.5115493516855192,3.592163030378165
torus,3000,0.06,ours,posterior,0.9,3,nan,nan,0.15221285554983666,0.22988528374906622,2.536880925830611,3.8314213958177703,1.9548068346009033,nan,1.7084762332061594,1.5115493516855192,3.592163030378165
torus,3000,0.06,ours,posterior,0.95,3,nan,nan,0.16027027495309823,0.2420543094145598,2.671171249218304,4.034238490242664,2.058284944001359,nan,1.7084762332061594,1.5115493516855192,3.592163030378165
torus,3000,0.06,ours,posterior,0.99,3,nan,nan,0.17771816065723,0.2684056457811674,2.961969344287167,4.473427429686123,2.282360933513328,nan,1.7084762332061594,1.5115493516855192,3.592163030378165
torus,3000,0.1,mrgap,posterior,0.8,3,nan,nan,0.2871805795363949,0.5329010304906483,2.871805795363949,5.3290103049064825,2.7188828086257564,nan,nan,nan,nan
torus,3000,0.1,mrgap,posterior,0.9,3,nan,nan,0.30406083699323944,0.5642245503756684,3.0406083699323943,5.642245503756684,2.878696685590145,nan,nan,nan,nan
torus,3000,0.1,mrgap,posterior,0.95,3,nan,nan,0.3201563611124827,0.5940918951775993,3.201563611124827,5.940918951775993,3.0310810978448943,nan,nan,nan,nan
torus,3000,0.1,mrgap,posterior,0.99,3,nan,nan,0.3550103076585658,0.6587679399890478,3.550103076585657,6.587679399890478,3.3610609183114684,nan,nan,nan,nan
torus,3000,0.1,ours,frequentist_gp_mean,0.8,3,nan,nan,0.13366646938642499,0.17516282579568224,1.3366646938642497,1.7516282579568223,0.8936878867126644,nan,1.4271281281422155,1.3657413719411202,2.9630644521851845
torus,3000,0.1,ours,frequentist_gp_mean,0.9,3,nan,nan,0.1415232834517519,0.1854587643339802,1.4152328345175187,1.8545876433398019,0.94621818537745,nan,1.4271281281422155,1.3657413719411202,2.9630644521851845
torus,3000,0.1,ours,frequentist_gp_mean,0.95,3,nan,nan,0.149014848116105,0.19527606288508895,1.49014848116105,1.9527606288508894,0.99630644329127,nan,1.4271281281422155,1.3657413719411202,2.9630644521851845
torus,3000,0.1,ours,frequentist_gp_mean,0.99,3,nan,nan,0.1652374074079588,0.2165348672826539,1.652374074079588,2.1653486728265388,1.1047697310339484,nan,1.4271281281422155,1.3657413719411202,2.9630644521851845
torus,3000,0.1,ours,posterior,0.8,3,nan,nan,0.19120266525136556,0.33462501093395713,1.9120266525136558,3.346250109339571,1.7072704639487608,nan,1.4271281281422155,1.3657413719411202,2.9630644521851845
torus,3000,0.1,ours,posterior,0.9,3,nan,nan,0.20244141343234714,0.3542940162169162,2.0244141343234716,3.542940162169162,1.80762253171896,nan,1.4271281281422155,1.3657413719411202,2.9630644521851845
torus,3000,0.1,ours,posterior,0.95,3,nan,nan,0.21315769207202775,0.37304864420424144,2.1315769207202777,3.730486442042414,1.9033094092053133,nan,1.4271281281422155,1.3657413719411202,2.9630644521851845
torus,3000,0.1,ours,posterior,0.99,3,nan,nan,0.23636318697317285,0.41366072968335904,2.3636318697317287,4.13660729683359,2.1105139269559134,nan,1.4271281281422155,1.3657413719411202,2.9630644521851845
