manifold,repeat,n,n_scaffold,n_contraction,sigma,gp_method,gp_amplitude,gp_rho,gp_length_scale_equivalent,gp_noise_sd,eb_success,eb_status,eb_iterations,eb_objective,eb_message,eb_at_bound,scaffold_hausdorff,average_hausdorff,gp_hausdorff,gp_better_than_average,scaffold_directed_error,average_directed_error,gp_directed_error,mean_direction_signal,min_direction_signal,median_cylinder_size,min_cylinder_size,ball_fallback_count,ball_fallback_fraction,cylinder_fallback_count,cylinder_fallback_fraction,mean_posterior_sd,mean_frequentist_sd,mean_posterior_to_frequentist_sd,max_posterior_to_frequentist_sd,posterior_band_covers_truth,frequentist_band_covers_truth,posterior_max_halfwidth,posterior_max_width_over_noise,posterior_width_below_noise,posterior_band_inside_noise,max_posterior_boundary_distance,mean_average_local_error,mean_gp_local_error,high_curvature_average_error,high_curvature_gp_error,high_curvature_gp_improvement,scaffold_center_x,scaffold_center_y,scaffold_min_radius,scaffold_max_radius
circle,0,3000,1500,1500,0.06,paper-eb,0.004575533232537525,0.3474811194754313,0.41682197607337795,0.06200485829064981,True,0,15,-6243.647468993628,CONVERGENCE: REL_REDUCTION_OF_F_<=_FACTR*EPSMCH,False,0.008096705372229557,0.02284043919490008,0.02228504428871138,1,0.008096705372229557,0.02280677633320353,0.022259239980005452,0.05568971935469764,0.0395604405476917,46.0,31,0,0.0,0,0.0,0.00924679499821035,0.00909729991996295,1.0163626636417056,1.0362334124895745,1,1,0.037143200826097754,0.31584354443960677,1,1,0.05376474829733018,0.0076761902008938765,0.007134262249030703,0.007966612456435245,0.007383717720116362,0.0005828947363188831,0.010581650105412227,-0.002287033328757593,0.9837137919872562,1.0151232554349974
circle,1,3000,1500,1500,0.06,paper-eb,0.005729872141501924,0.2220155543035159,0.33317829633959944,0.06418178610594576,True,0,12,-6251.16241312019,CONVERGENCE: REL_REDUCTION_OF_F_<=_FACTR*EPSMCH,False,0.015599604928840218,0.028930782279517207,0.027720236693336522,1,0.015599604928840218,0.028930782279517207,0.027720236693336522,0.06017273152910294,0.048458230107492235,47.0,32,0,0.0,0,0.0,0.009624242957567253,0.00942352038164226,1.0213311943564434,1.0360116012230356,1,1,0.038629722189369095,0.3284840322225263,1,1,0.06163820803329289,0.010144817535745192,0.009523523616031548,0.010256587274226278,0.009613810157338167,0.0006427771168881115,-0.032675948837263866,0.025549484717138245,0.9622804782608042,1.0422045554453208
circle,2,3000,1500,1500,0.06,paper-eb,0.0052098613839997,0.17207660200088953,0.2933228613668644,0.061150858529245074,True,0,13,-6177.730196985932,CONVERGENCE: REL_REDUCTION_OF_F_<=_FACTR*EPSMCH,False,0.013008853518216276,0.03547915356545228,0.03883657900259769,0,0.013008853518216276,0.03547915356545228,0.03883657900259769,0.059231717068844655,0.04651379347822259,47.0,26,0,0.0,0,0.0,0.009404832846035582,0.009153106018309442,1.02748930123243,1.0556238163193137,0,0,0.040400255227743584,0.34353958526992845,1,1,0.06841285190994771,0.008924806343546803,0.008605053311699112,0.009004585639863028,0.008561690762456668,0.00044289487740635893,-0.003972705301905868,-0.012060095568745061,0.9926295891749346,1.020377953837397
circle,3,3000,1500,1500,0.06,paper-eb,0.0046400426901025615,0.24935509328836,0.3530970782152976,0.06147274099886747,True,0,14,-6275.366263740644,CONVERGENCE: REL_REDUCTION_OF_F_<=_FACTR*EPSMCH,False,0.0131295558336207,0.027913898412015352,0.026497818949682922,1,0.0131295558336207,0.027913898412015352,0.026497818949682922,0.05692757000365775,0.03870213093721344,47.0,32,0,0.0,0,0.0,0.009250206821243842,0.009059031771223728,1.0209445606493974,1.0619436027013336,1,1,0.03668598726983865,0.3119556740632538,1,1,0.05967022313666279,0.0076515123027483985,0.00706307324178452,0.00757672198270981,0.0070023137103946064,0.0005744082723152028,0.005079958902491193,0.02446091347152507,0.9763986409013228,1.0332849371523738
circle,4,3000,1500,1500,0.06,paper-eb,0.004735607827389714,0.36070526507393547,0.4246794468030773,0.06074183377281116,True,0,14,-6268.66765807211,CONVERGENCE: REL_REDUCTION_OF_F_<=_FACTR*EPSMCH,False,0.008174061885977002,0.03173517204898825,0.027158718440363674,1,0.008174061885977002,0.03173517204898825,0.027158718440363674,0.05709050036134242,0.04013885284768407,47.0,35,0,0.0,0,0.0,0.009045123206234872,0.008903674057509994,1.015786648011089,1.044198788433746,1,1,0.03459179333668703,0.2941479025228489,1,1,0.056878160216643374,0.008224207357209332,0.007507476948160439,0.008487467071441447,0.007704544431767331,0.0007829226396741156,-0.0012358864837396814,-0.023262374240479687,0.9736952259578143,1.0234047178586207
circle,5,3000,1500,1500,0.06,paper-eb,0.005315867407512071,0.21543005117358535,0.32819967334961303,0.06145618106887105,True,0,11,-6269.523222535589,CONVERGENCE: REL_REDUCTION_OF_F_<=_FACTR*EPSMCH,False,0.017747581396531327,0.027837752257073974,0.02749540880891458,1,0.017747581396531327,0.027837752257073974,0.02749540880891458,0.06080422069764211,0.04551534808228827,46.0,29,0,0.0,0,0.0,0.009294812274939217,0.009094490422064816,1.0219948163865222,1.0363564591914733,1,1,0.039397219975795754,0.3350103739438415,1,1,0.05793199940823709,0.007822622326614317,0.007170864870285324,0.007643706108122388,0.007001585445073666,0.0006421206630487221,-0.008202135378365068,0.04023752984342132,0.9566591387788584,1.0495084208578285
circle,6,3000,1500,1500,0.06,paper-eb,0.0054672264172149045,0.3450032956295175,0.4153331768770209,0.06082339054564946,True,0,9,-6308.574358951572,CONVERGENCE: REL_REDUCTION_OF_F_<=_FACTR*EPSMCH,False,0.014921914278572623,0.026378585338148394,0.024312480293144346,1,0.014921914278572623,0.026378585338148394,0.024312480293144346,0.0608667796336585,0.03724940497094599,47.0,32,0,0.0,0,0.0,0.009091559948249771,0.00895420390462277,1.0152297590481363,1.032548418976503,1,1,0.03592326800569709,0.3054699660348392,1,1,0.05362216383153879,0.010567026355749774,0.009812264547455938,0.010441174872800364,0.009728499224727705,0.0007126756480726613,0.019291975983077393,-0.013720088654960733,0.9751017921079633,1.0254330123504862
circle,7,3000,1500,1500,0.06,paper-eb,0.004581672696725597,0.6183476449185904,0.5560340119626633,0.06219447136345217,True,0,14,-6173.913977479975,CONVERGENCE: REL_REDUCTION_OF_F_<=_FACTR*EPSMCH,False,0.009253693686500416,0.024529805523673547,0.023281536921102103,1,0.009253693686500416,0.024529805523673547,0.023281536921102103,0.05685747196106049,0.037867605870052896,46.0,33,0,0.0,0,0.0,0.009194061632291112,0.009081777228417088,1.0122726900909287,1.020359890072335,1,1,0.03593396057325503,0.3055608892283591,1,1,0.05407447034075848,0.00823617601744507,0.007536630412362053,0.008199198457902047,0.007499756528319576,0.0006994419295824737,-0.022337197358084822,0.02334981739945934,0.9633670696158502,1.0390440374074648
circle,8,3000,1500,1500,0.06,paper-eb,0.004708280169062253,0.24020548782120907,0.3465584278452979,0.06190995087651597,True,0,14,-6383.28098354857,CONVERGENCE: REL_REDUCTION_OF_F_<=_FACTR*EPSMCH,False,0.013175568432503577,0.028634468530549836,0.02486656495340372,1,0.013175568432503577,0.028634468530549836,0.02486656495340372,0.05568126566256167,0.04377996834783985,49.0,30,0,0.0,0,0.0,0.009213241511284402,0.009027833507217,1.0204689061600136,1.0307892981353932,1,1,0.03815544594785979,0.32445107098520226,1,1,0.05406832784213723,0.007941988205464887,0.007473496956693589,0.008104730470986752,0.007626817355404317,0.0004779131155824339,0.024444222452871797,-0.013167860716226328,0.9593471414352449,1.0299356052753073
circle,9,3000,1500,1500,0.06,paper-eb,0.005073151464673584,0.22977959149807586,0.33895397290640794,0.061850634084721176,True,0,12,-6316.429550505589,CONVERGENCE: REL_REDUCTION_OF_F_<=_FACTR*EPSMCH,False,0.01242234798118634,0.024841742071211332,0.020244852272383585,1,0.01242234798118634,0.024841742071211332,0.020244852272383585,0.057780132879757286,0.044806022370265014,48.0,30,0,0.0,0,0.0,0.009270989653298367,0.00907597859742015,1.0214062601023255,1.0592049307768017,1,1,0.03798461922393555,0.3229984627885676,1,1,0.05350857561985776,0.007009097135612443,0.00650136816974564,0.006954276343938434,0.006397480686592241,0.0005567956573461926,0.011293480432285157,0.009375239112761589,0.9825703847372469,1.0191954024901804
circle,10,3000,1500,1500,0.06,paper-eb,0.003857600022689132,0.3896181756283444,0.4413718248984321,0.06224921664503767,True,0,14,-6175.969675166515,CONVERGENCE: REL_REDUCTION_OF_F_<=_FACTR*EPSMCH,False,0.00806317133972323,0.01886160143838755,0.01752063686936402,1,0.00806317133972323,0.01886160143838755,0.01752063686936402,0.0536252625363182,0.044533416200466476,45.0,27,0,0.0,0,0.0,0.009244896012789614,0.009095826903715453,1.016349056089743,1.0252979032622211,1,1,0.03971691608431134,0.3377288782679536,1,1,0.05638771754140482,0.005220866903251491,0.0051460440068483064,0.005259142001116933,0.005180359925233435,7.878207588349723e-05,0.020232668201013247,0.027769917736562504,0.966905406989715,1.0375778092377368
circle,11,3000,1500,1500,0.06,paper-eb,0.005280807745735872,0.19687772325678124,0.31374967988571817,0.06122120674209513,True,0,12,-6319.218043854727,CONVERGENCE: REL_REDUCTION_OF_F_<=_FACTR*EPSMCH,False,0.01814669518619192,0.027402259031662074,0.022537322240347515,1,0.01814669518619192,0.027402259031662074,0.022537322240347515,0.05828226403418859,0.045800035396866105,47.0,32,0,0.0,0,0.0,0.009283717204834068,0.00905523608720586,1.0251570899163818,1.0413368205650024,1,1,0.03723521292361795,0.3166259602348465,1,1,0.056445786872542876,0.007435846598177958,0.0068659651827177575,0.006952049123800435,0.006496147751303804,0.00045590137249663053,-0.011860593745632687,0.0008620188199386648,0.9884087815612104,1.0278760834233538
circle,12,3000,1500,1500,0.06,paper-eb,0.0047243801854710285,0.1449588962219655,0.26922007375190793,0.06100455442354854,True,0,14,-6264.916161010139,CONVERGENCE: REL_REDUCTION_OF_F_<=_FACTR*EPSMCH,False,0.01168534931127458,0.028082983984806173,0.02809943892820887,0,0.01168534931127458,0.028081018443178375,0.02809943892820887,0.05735876874558362,0.04330515130564574,47.0,33,0,0.0,0,0.0,0.009369370077644079,0.009075376924205947,1.0323868420334628,1.0445185475399292,1,1,0.0361077368895029,0.30703857899237164,1,1,0.05757119131787041,0.007796435546034598,0.00796005327596221,0.007740207451671234,0.007854922587918488,-0.00011471513624725389,-0.027918049953261127,0.001681093490962254,0.9674542017260006,1.0336737837702887
circle,13,3000,1500,1500,0.06,paper-eb,0.0056487866308284704,0.19201302929747605,0.30984918048743976,0.061556660783908035,True,0,11,-6402.848129424598,CONVERGENCE: REL_REDUCTION_OF_F_<=_FACTR*EPSMCH,False,0.015015034180809331,0.02923566530020963,0.022149773816113542,1,0.015015034180809331,0.02923566530020963,0.022149773816113542,0.06055035590883753,0.04862538245022507,47.5,28,0,0.0,0,0.0,0.00928944814100991,0.009057302512536324,1.0255636736009148,1.0459410284261315,1,1,0.04144731181865636,0.3524431277096629,1,1,0.056762174538920476,0.009447865788559193,0.008733717686611193,0.009347044776772557,0.008632519734692864,0.0007145250420796945,0.0007455746809372493,-0.004225892703286625,0.990710661711939,1.0179848585587048
circle,14,3000,1500,1500,0.06,paper-eb,0.004615463936907713,0.36072020424700535,0.42468824109398495,0.06068520210084488,True,0,12,-6190.277838394105,CONVERGENCE: REL_REDUCTION_OF_F_<=_FACTR*EPSMCH,False,0.012009902671061924,0.022430666831675872,0.022428563531471792,1,0.012009902671061924,0.022430666831675872,0.022428563531471792,0.05725506231540471,0.038415379473665884,47.0,31,0,0.0,0,0.0,0.00910486663192281,0.00896961001947519,1.0149810043440217,1.0275739532457795,1,1,0.03658089904827484,0.31106206673703096,1,1,0.05875830033253826,0.009209229910090646,0.008863364093107735,0.00887971968565768,0.008555319898883475,0.00032439978677420667,-0.0021901679068186157,0.002091606230013073,0.9868255680224123,1.0130944978835754
circle,15,3000,1500,1500,0.06,paper-eb,0.005256637478991428,0.2720795319564901,0.36883568967528757,0.0598739443542147,True,0,9,-6342.24418786618,CONVERGENCE: REL_REDUCTION_OF_F_<=_FACTR*EPSMCH,False,0.016370907588258845,0.023197180605757633,0.020877809484872226,1,0.016370907588258845,0.023197180605757633,0.020877809484872226,0.061185633784389855,0.04125267997782012,46.0,30,0,0.0,0,0.0,0.0089881103792556,0.00883318472323738,1.0174945224619627,1.0307836105647203,1,1,0.03685142820078994,0.31336248470059475,1,1,0.05266623708349003,0.008244161980694234,0.007701410965302675,0.008346553012454972,0.007810355012119567,0.0005361980003354031,-0.020193059639977064,-0.012597808455165409,0.9788811333476466,1.0310438076333097
circle,16,3000,1500,1500,0.06,paper-eb,0.004394042604485497,0.2611042684434934,0.361319988682811,0.06146618525274961,True,0,13,-6278.4226917511705,CONVERGENCE: REL_REDUCTION_OF_F_<=_FACTR*EPSMCH,False,0.017557232215932195,0.020114926060315615,0.02173559602390221,0,0.017557232215932195,0.02010115346308513,0.021726343149129915,0.05464562548138127,0.034971442058981374,46.0,33,0,0.0,0,0.0,0.009174327053530983,0.009006547264743082,1.0185842938658907,1.0286737946634084,1,1,0.0358897178311151,0.3051846754346522,1,1,0.05222772570620071,0.007257646272864454,0.00697607267408867,0.00730306403485741,0.007025807798061834,0.0002772562367955762,0.01329390341526742,0.014780755381929182,0.9781237189751849,1.0372053844328908
circle,17,3000,1500,1500,0.06,paper-eb,0.004686460978468428,0.24593769076544458,0.3506691394786862,0.06167370805348059,True,0,15,-6152.23562898768,CONVERGENCE: REL_REDUCTION_OF_F_<=_FACTR*EPSMCH,False,0.012942713684251587,0.029037300184417258,0.02697444853440358,1,0.012942713684251587,0.029037300184417258,0.026974288137897207,0.05694777960190649,0.040931271391579115,46.0,34,0,0.0,0,0.0,0.009286073884254889,0.009112712095268101,1.018933303173961,1.0293165744521056,1,1,0.03573324278308134,0.30385410529831075,1,1,0.05836413759396964,0.008353406858682492,0.008170054123797465,0.008126114729654351,0.00795053227932067,0.00017558245033367966,-0.010714342133741605,0.0026518481683601887,0.984364607692951,1.023893771559808
circle,18,3000,1500,1500,0.06,paper-eb,0.005046462813626744,0.2629967123204022,0.36262702072542957,0.06053980006074246,True,0,12,-6345.181218538849,CONVERGENCE: REL_REDUCTION_OF_F_<=_FACTR*EPSMCH,False,0.01013998868536597,0.02196273627207897,0.022642932059397977,0,0.01013998868536597,0.021956565308200383,0.02264247284256053,0.05963316291509691,0.04502384200464985,47.0,30,0,0.0,0,0.0,0.009052316073189622,0.008883608937750071,1.0188590109210365,1.0399446343240426,1,1,0.03789934318292189,0.3222733263853902,1,1,0.05362648454815944,0.009191138868644517,0.00873604675294799,0.009415359898219167,0.008923041578049445,0.0004923183201697233,-0.013498137236314073,-0.006085179282543297,0.9866921851939083,1.0174982599176803
circle,19,3000,1500,1500,0.06,paper-eb,0.005115123986602988,0.23053917754386055,0.3395137534356013,0.06188441738568143,True,0,13,-6282.957288486743,CONVERGENCE: REL_REDUCTION_OF_F_<=_FACTR*EPSMCH,False,0.01374259403340028,0.03086381217154131,0.026955291843307992,1,0.01374259403340028,0.03086381217154131,0.026955291843307992,0.05878083974327441,0.04246604777213953,47.5,35,0,0.0,0,0.0,0.009291199636597327,0.009093981223832358,1.0215671970348577,1.0449027091994176,1,1,0.0356596942447008,0.3032286925569796,1,1,0.056793227814722805,0.007329830837251258,0.007098388253155331,0.007485087888954387,0.007175500737026907,0.0003095871519274797,0.020498026939957642,0.006220664712075231,0.9789499610966778,1.0253570794074884
ellipse,0,3000,1500,1500,0.06,paper-eb,0.006180423934072136,0.4183888226413871,0.4573777556032798,0.06134781216505635,True,0,10,-5581.515759632797,CONVERGENCE: REL_REDUCTION_OF_F_<=_FACTR*EPSMCH,False,0.03472300953855157,0.025730100742610833,0.025019796626902346,1,0.03472300953855157,0.025726182562486103,0.02500974199885863,0.06386392744389996,0.032306978132722014,41.0,29,0,0.0,0,0.0,0.009648389946618402,0.009515477296470641,1.013925556809436,1.0348624352880615,1,1,0.03804466429530529,0.3235090501301471,1,1,0.057479976912072774,0.009860485269884629,0.009297363172411865,0.012977969594388454,0.012184242559923678,0.0007937270344647756,0.03164386747748886,0.03476142717840031,0.7849131435180754,1.4031079292355488
ellipse,1,3000,1500,1500,0.06,paper-eb,0.005682130555603048,0.21575802598897148,0.3284494070545504,0.060148940824654815,True,0,9,-5701.088293528351,CONVERGENCE: REL_REDUCTION_OF_F_<=_FACTR*EPSMCH,False,0.04016493587490501,0.029809545577387783,0.02870707109770323,1,0.04016493587490501,0.029809545577387783,0.02870707109770323,0.06040054603628971,0.03581472325037828,42.5,28,0,0.0,0,0.0,0.009596862701808196,0.009386967134260581,1.0223300051988278,1.0378836431794558,1,1,0.03862201348911391,0.3284184820502884,1,1,0.06658680558791136,0.010105363074373269,0.009443228219855632,0.011721805784570495,0.010272194487444292,0.0014496112971262077,-0.0036975034999372964,0.0024845667195910652,0.7953376777662222,1.3646702898692085
ellipse,2,3000,1500,1500,0.06,paper-eb,0.005691229367757862,0.20110979257440456,0.3171039203277094,0.05919670262515163,True,0,12,-5646.17217831707,CONVERGENCE: REL_REDUCTION_OF_F_<=_FACTR*EPSMCH,False,0.03396433450276767,0.026103390949446637,0.025182430371181,1,0.03396433450276767,0.026103390949446637,0.025182430371181,0.06109996075786775,0.0245691003344417,42.0,27,0,0.0,0,0.0,0.009533994517676576,0.009310639844137377,1.0239465495213405,1.03807658751966,1,1,0.03898388317198028,0.33149560520391397,1,1,0.05845370428422825,0.007252888941545026,0.007076657414692667,0.00941285553578043,0.009207290734285646,0.00020556480149478513,0.012638426947427011,-0.006201643927661636,0.8113074885357527,1.3839681615701835
ellipse,3,3000,1500,1500,0.06,paper-eb,0.005695466162855849,0.23709914805659277,0.3443102874273384,0.060236475898193136,True,0,11,-5688.97241627217,CONVERGENCE: REL_REDUCTION_OF_F_<=_FACTR*EPSMCH,False,0.04115912205571456,0.0329233304746001,0.03146716165376092,1,0.04115912205571456,0.0329233304746001,0.03146716165376092,0.05999643492288228,0.02620425464410333,41.0,27,0,0.0,0,0.0,0.009547138590062008,0.009356700977421683,1.020383711930015,1.0300542701002884,0,0,0.03910115450601476,0.33249281042529555,1,1,0.05952870333548927,0.006904357785969177,0.006401540698958972,0.009779092348125873,0.008740732490968517,0.001038359857157355,0.008844022443540885,-0.039891174755716595,0.7758136980317089,1.3674706014536357
ellipse,4,3000,1500,1500,0.06,paper-eb,0.006458804920479469,0.19544216452707625,0.3126037144109745,0.06331563700727233,True,0,12,-5657.688388609053,CONVERGENCE: REL_REDUCTION_OF_F_<=_FACTR*EPSMCH,False,0.03959422248203424,0.02828831882368909,0.026397423955590606,1,0.03959422248203424,0.02828831882368909,0.026397039130709656,0.06324517289859272,0.03714557822228401,43.0,26,0,0.0,0,0.0,0.010154532925279562,0.00989593920699544,1.026095303109597,1.0471999285523519,1,1,0.04180152943761527,0.35545518229264683,1,1,0.061488925759085586,0.01050230961626693,0.009836054801801596,0.014229807462312984,0.012804373014326876,0.0014254344479861097,0.03938798866108936,0.007032333005828312,0.8051257440204532,1.4112970090027734
ellipse,5,3000,1500,1500,0.06,paper-eb,0.006294278974804149,0.13520147615148898,0.26000141937255744,0.06492158331545596,True,0,12,-5625.189142492662,CONVERGENCE: REL_REDUCTION_OF_F_<=_FACTR*EPSMCH,False,0.03834636699231105,0.04375555271427253,0.03355537175152037,1,0.03834636699231105,0.04375555271427253,0.03355537175152037,0.05921882715333407,0.032490050900904996,42.0,27,0,0.0,0,0.0,0.010566964263134459,0.010194550409370427,1.0366688909703083,1.0534973604629234,0,0,0.04264038517931247,0.36258830934789515,1,1,0.05745298104173707,0.008606838372717203,0.007939166934212018,0.012551437155823646,0.011718114410963045,0.0008333227448605994,-0.022984147598560063,-0.006486281932347372,0.8024264892429436,1.3948778277752154
ellipse,6,3000,1500,1500,0.06,paper-eb,0.005609570385130748,0.13012020819843564,0.2550688222798267,0.06436099133251043,True,0,11,-5631.392147305008,CONVERGENCE: REL_REDUCTION_OF_F_<=_FACTR*EPSMCH,False,0.03265099807155501,0.029338039035813883,0.028736640172195047,1,0.03265099807155501,0.029338039035813883,0.028736640172195047,0.06012066311355961,0.03138378286603189,42.5,24,0,0.0,0,0.0,0.010404128894682051,0.01003844509912302,1.036573007221558,1.0530956095064616,1,1,0.045720793272700865,0.38878225572024544,1,1,0.07093209819800508,0.007870680646741535,0.007241187892872556,0.009040871368344715,0.008194380338363323,0.0008464910299813898,-0.0038786898430036333,0.0014781969366888612,0.8021283230557078,1.376802958049992
ellipse,7,3000,1500,1500,0.06,paper-eb,0.006268699099553589,0.21941763464910946,0.3312232137464926,0.06274664783481755,True,0,12,-5503.961958105847,CONVERGENCE: REL_REDUCTION_OF_F_<=_FACTR*EPSMCH,False,0.03660792360239479,0.030443571994145317,0.028789457171032727,1,0.03660792360239479,0.030443571994145317,0.028789457171032727,0.06288110069848607,0.030186871392646464,40.0,28,0,0.0,0,0.0,0.010059643573899149,0.009850877592682102,1.0212080506797485,1.035219851003473,1,1,0.040490296784696254,0.3443052447678253,1,1,0.06557520257713088,0.01009258168445132,0.009672186329315473,0.014792808978436855,0.014054778603563866,0.0007380303748729893,-0.02445815077957926,-0.01009768836642295,0.8000898964276155,1.387895130307848
ellipse,8,3000,1500,1500,0.06,paper-eb,0.005605965736985182,0.2268169013902258,0.3367617120385168,0.062005744884967004,True,0,12,-5648.647738928486,CONVERGENCE: REL_REDUCTION_OF_F_<=_FACTR*EPSMCH,False,0.03927162434476179,0.02884549775278487,0.02634458380071307,1,0.03927162434476179,0.02884549775278487,0.02634458380071307,0.05993910913563761,0.022133888180029468,42.5,25,0,0.0,0,0.0,0.009828688128054045,0.009620188823797133,1.021619476070118,1.0384820944927573,1,1,0.041854854806595385,0.3559086293077839,1,1,0.06535134636967187,0.008313954525223103,0.0077530244085590675,0.00930827575453692,0.007949289460544302,0.0013589862939926169,0.03582156117996349,0.002688516532277342,0.8030679669250382,1.3978888367521298
ellipse,9,3000,1500,1500,0.06,paper-eb,0.005911450747028105,0.28177225148855456,0.3753480061813001,0.06283606166738122,True,0,13,-5525.098066952204,CONVERGENCE: REL_REDUCTION_OF_F_<=_FACTR*EPSMCH,False,0.03231554367858662,0.030183496587140736,0.027620205862453333,1,0.03231554367858662,0.030183496587140736,0.027620205862453333,0.061118085836466954,0.029633216521503126,41.5,25,0,0.0,0,0.0,0.009976076323876013,0.009798553016289294,1.0179139658141088,1.0396544813615791,1,1,0.04276271473469684,0.36362852665558537,1,1,0.06297614595736087,0.009772754523021173,0.009282854180600063,0.011748452910547031,0.010881900046382705,0.0008665528641643263,0.0011090998867540308,-0.008650765364102475,0.8005965427477901,1.382699839817565
ellipse,10,3000,1500,1500,0.06,paper-eb,0.005445606622489502,0.24322501695751222,0.34872985028350545,0.06040760831393038,True,0,10,-5644.070776734534,CONVERGENCE: REL_REDUCTION_OF_F_<=_FACTR*EPSMCH,False,0.036468115420247416,0.02787245468609042,0.027201921514863427,1,0.036468115420247416,0.02787245468609042,0.027201921514863427,0.05931053267662603,0.02952219550447956,42.0,29,0,0.0,0,0.0,0.009603461232009503,0.00941537407411241,1.0199659595533577,1.03276854594229,1,1,0.03782530192429333,0.32164372384603174,1,1,0.06034418157285407,0.00829639847366669,0.007819647773110686,0.00894349247076831,0.008042332839412619,0.0009011596313556916,0.011745923701736757,-0.02278631964543761,0.7801520856812046,1.3749757778230698
ellipse,11,3000,1500,1500,0.06,paper-eb,0.005440999858628244,0.38952512274187145,0.4413191151207205,0.06058248895686482,True,0,12,-5614.472321631742,CONVERGENCE: REL_REDUCTION_OF_F_<=_FACTR*EPSMCH,False,0.045635936706623054,0.03030402826911688,0.029307114567892822,1,0.045635936706623054,0.03030402826911688,0.029307114567892822,0.05866570744421243,0.025607775539715,41.5,30,0,0.0,0,0.0,0.009529931582114914,0.009391965946646588,1.0146503316983349,1.026256883800665,1,1,0.03700098604061131,0.31463423503921184,1,1,0.06310316868188792,0.010335334316088799,0.009728502579165388,0.01592326029395229,0.014734496557805827,0.0011887637361464648,0.006415877874927536,0.007928297245712491,0.8049826052013963,1.3656428048493678
ellipse,12,3000,1500,1500,0.06,paper-eb,0.005806539652924404,0.10946281066375872,0.2339474413877599,0.06110838089094967,True,0,10,-5674.2813364732,CONVERGENCE: REL_REDUCTION_OF_F_<=_FACTR*EPSMCH,False,0.03245730886595971,0.022482635696738286,0.022732672959517457,0,0.03245730886595971,0.02246633724121542,0.022732672959517457,0.06176288031093157,0.02704842042101796,41.0,29,0,0.0,0,0.0,0.010064541404531906,0.009621910281760617,1.0460734616884146,1.0763433721812596,1,1,0.04090282615325178,0.3478131475616648,1,1,0.059003337569953324,0.008516275520245219,0.008338251275598813,0.009082965044763395,0.007894716342344092,0.001188248702419303,0.015458606078411674,-0.011027446778139596,0.8029231044431266,1.3834550228722942
ellipse,13,3000,1500,1500,0.06,paper-eb,0.004808270082160209,0.23966079898745743,0.3461652777124371,0.06295662440189498,True,0,10,-5616.801893235973,CONVERGENCE: REL_REDUCTION_OF_F_<=_FACTR*EPSMCH,False,0.036885944421498784,0.022566991117775163,0.023543443359208306,0,0.036885944421498784,0.022566991117775163,0.023543443359208306,0.05571731316100346,0.02785483511912151,42.0,29,0,0.0,0,0.0,0.009891295196348598,0.009696999277239179,1.0199710518660607,1.0323522900545343,1,1,0.03908802876572584,0.33238119698746466,1,1,0.0618982354493252,0.008285031696436275,0.008173073399871342,0.007986530228764206,0.007483455408574624,0.0005030748201895832,-0.016402343965325382,-0.0038789919291482146,0.8112997206567296,1.3810995955593988
ellipse,14,3000,1500,1500,0.06,paper-eb,0.005367432949359866,0.15458006684561687,0.27801085126809066,0.06164768807473682,True,0,14,-5689.391728576572,CONVERGENCE: REL_REDUCTION_OF_F_<=_FACTR*EPSMCH,False,0.043730906988284225,0.024233148293469422,0.020853768043170365,1,0.043730906988284225,0.024233148293469422,0.020853768043170365,0.05709913700272188,0.02444257618807924,42.0,29,0,0.0,0,0.0,0.009887589231924973,0.009595462796075862,1.0304658603827483,1.0460521245996952,1,1,0.040496695587649054,0.34435965635756,1,1,0.056622520952281506,0.008492920428665512,0.007512954028880474,0.007771818734559742,0.006115969390030193,0.0016558493445295495,-0.031220034871105425,0.006011863609294404,0.7991904710320715,1.3874618702005732
ellipse,15,3000,1500,1500,0.06,paper-eb,0.0059348989084773264,0.25734579230713067,0.3587100446789375,0.06311837877221126,True,0,13,-5514.456443668823,CONVERGENCE: REL_REDUCTION_OF_F_<=_FACTR*EPSMCH,False,0.03454021455667155,0.031968221155496454,0.031451195996450444,1,0.03454021455667155,0.031968221155496454,0.031451195996450444,0.061307851400422705,0.035662341950339224,41.0,31,0,0.0,0,0.0,0.010004869939289753,0.009820373572324341,1.018775855976476,1.03227614552065,1,1,0.03839287699051756,0.32647004243637384,1,1,0.0654582935650751,0.00960011849554582,0.00890774210154066,0.013211712936779205,0.012551670566214857,0.0006600423705643502,0.0032455792075471255,0.0031473327535955107,0.8075735679229782,1.369468895679822
ellipse,16,3000,1500,1500,0.06,paper-eb,0.005776658633797399,0.27150777680720306,0.36844794531059816,0.059804902304588146,True,0,11,-5732.443398040264,CONVERGENCE: REL_REDUCTION_OF_F_<=_FACTR*EPSMCH,False,0.03831024428501094,0.029941370487715536,0.026969628262851177,1,0.03831024428501094,0.029941370487715536,0.026969628262851177,0.059989243499857084,0.031170342507604597,44.0,27,0,0.0,0,0.0,0.009513359655899266,0.009335003972036213,1.019011353888378,1.0536846925654113,1,1,0.038372790254301334,0.32629923685630385,1,1,0.06363714716332755,0.00927299708315685,0.008528682859366938,0.012578527095873267,0.011509768653904677,0.001068758441968589,0.010912841769554966,-0.027038388974217998,0.7765766585503755,1.3718883178550627
ellipse,17,3000,1500,1500,0.06,paper-eb,0.005792541900774492,0.23485648525699365,0.3426780451509796,0.062298278021254046,True,0,12,-5717.46414170941,CONVERGENCE: REL_REDUCTION_OF_F_<=_FACTR*EPSMCH,False,0.0376740601860705,0.05541892110122,0.048130829085849126,1,0.0376740601860705,0.05541892110122,0.048130829085849126,0.0596047121435211,0.02965341557967836,43.0,31,0,0.0,0,0.0,0.009808982179787077,0.009606140488460008,1.0211425906926979,1.0436429030160088,0,0,0.03865896244634039,0.32873267386343874,1,1,0.08075690277180768,0.00916749077479081,0.008676630693380129,0.013820985124837567,0.012349563941800938,0.0014714211830366285,-0.01901049359068797,-0.0005232223476133823,0.796409458834689,1.3816455933891303
ellipse,18,3000,1500,1500,0.06,paper-eb,0.005373741397792369,0.2017694114126746,0.31762352826315826,0.06396363030930301,True,0,12,-5420.878280064088,CONVERGENCE: REL_REDUCTION_OF_F_<=_FACTR*EPSMCH,False,0.03992488569103674,0.027265652134463907,0.026702001167498265,1,0.03992488569103674,0.027265652134463907,0.026702001167498265,0.05764130624588071,0.021615685159953015,41.0,29,0,0.0,0,0.0,0.010269593523253306,0.010039204984585715,1.0229142545604089,1.0346689590780884,1,1,0.0400943440323304,0.3409382995946463,1,1,0.06127372296537876,0.00845193151610117,0.007952847635523789,0.011221478674562854,0.009955985167797443,0.0012654935067654093,-0.009551666509568563,0.004997216881030016,0.806935308137428,1.3696614206459348
ellipse,19,3000,1500,1500,0.06,paper-eb,0.0051592142237276385,0.2193695723301061,0.33118693537797206,0.06321907861063429,True,0,11,-5468.046016073045,CONVERGENCE: REL_REDUCTION_OF_F_<=_FACTR*EPSMCH,False,0.038131532104118654,0.027981815700550527,0.02717243675071067,1,0.038131532104118654,0.027981815700550527,0.02717243675071067,0.05714397674974323,0.02761457798218464,42.0,28,0,0.0,0,0.0,0.010095834477620717,0.009878501241110652,1.021948730108831,1.0559589039611392,1,1,0.040419723957667464,0.3437051356944512,1,1,0.0624105302320596,0.009518614752392211,0.009054002191279093,0.014214014556037853,0.012974223498861558,0.001239791057176296,-0.002744214389234022,0.010726091467651064,0.8010398528446914,1.3668750270217982
