manifold,repeat,n,n_scaffold,n_contraction,sigma,scaffold_hausdorff,average_hausdorff,gp_hausdorff,gp_better_than_average,scaffold_directed_error,average_directed_error,gp_directed_error,mean_direction_signal,min_direction_signal,median_cylinder_size,min_cylinder_size,ball_fallback_count,ball_fallback_fraction,cylinder_fallback_count,cylinder_fallback_fraction,mean_posterior_sd,mean_frequentist_sd,mean_posterior_to_frequentist_sd,max_posterior_to_frequentist_sd,posterior_band_covers_truth,frequentist_band_covers_truth,posterior_max_halfwidth,posterior_max_width_over_noise,posterior_width_below_noise,posterior_band_inside_noise,max_posterior_boundary_distance,mean_average_local_error,mean_gp_local_error,high_curvature_average_error,high_curvature_gp_error,high_curvature_gp_improvement,scaffold_center_x,scaffold_center_y,scaffold_min_radius,scaffold_max_radius
circle,0,3000,1500,1500,0.06,0.008096705372229557,0.02284043919490008,0.020661553707466737,1,0.008096705372229557,0.02280677633320354,0.020661553707466737,0.05568971935469761,0.0395604405476917,46.0,31,0,0.0,0,0.0,0.012399670185863472,0.01117229332996769,1.1090897875126882,1.160701132900465,1,1,0.04965166227027418,0.4222080125023315,1,1,0.06514680385910362,0.007676190200893876,0.008388795226228382,0.007966612456435245,0.008650225182164102,-0.0006836127257288569,0.010581650105412227,-0.002287033328757593,0.9837137919872562,1.0151232554349972
circle,1,3000,1500,1500,0.06,0.015599604928840138,0.028930782279517203,0.03483598742819572,0,0.015599604928840138,0.028930782279517203,0.03483598742819572,0.0601727315291029,0.048458230107492235,47.0,32,0,0.0,0,0.0,0.012367957687901244,0.0110934916367681,1.1139521546466236,1.1775166173347433,1,1,0.04988280800561443,0.4241735374627078,1,1,0.0794093207376113,0.010144817535745197,0.011516977516910835,0.010256587274226282,0.0118022895486476,-0.0015457022744213165,-0.032675948837263866,0.025549484717138245,0.9622804782608039,1.0422045554453208
circle,2,3000,1500,1500,0.06,0.013008853518216058,0.035479153565452275,0.05132599831162154,0,0.013008853518216058,0.035479153565452275,0.05132599831162154,0.05923171706884464,0.0465137934782226,47.0,26,0,0.0,0,0.0,0.012382188564849846,0.011142404916941163,1.1104763002115916,1.1599321533915457,0,0,0.049118921416620706,0.41767790320255704,1,1,0.08993350656386603,0.008924806343546797,0.011337008605516617,0.009004585639863023,0.011430593356251925,-0.002426007716388904,-0.003972705301905868,-0.012060095568745061,0.9926295891749347,1.020377953837397
circle,3,3000,1500,1500,0.06,0.013129555833620634,0.02791389841201536,0.02582642113666418,1,0.013129555833620634,0.02791389841201536,0.02582642113666418,0.05692757000365768,0.03870213093721369,47.0,32,0,0.0,0,0.0,0.012438830239253953,0.0111784590206779,1.11196088861901,1.1703687955884652,1,1,0.04999537371319459,0.4251307288536955,1,1,0.06692082637276514,0.007651512302748395,0.007659421806835849,0.007576721982709806,0.0076494767096623876,-7.275472695258214e-05,0.005079958902491193,0.02446091347152507,0.9763986409013227,1.0332849371523736
circle,4,3000,1500,1500,0.06,0.008174061885976905,0.03173517204898825,0.026272172066692842,1,0.008174061885976905,0.03173517204898825,0.026272172066692842,0.05709050036134236,0.040138852847683905,47.0,35,0,0.0,0,0.0,0.01239493433913819,0.011144346531004257,1.1110749800339006,1.1736807578909034,1,1,0.05180105749841242,0.44048518280962945,1,1,0.06827228311367946,0.00822420735720934,0.008868198555864015,0.008487467071441454,0.009141857677941363,-0.0006543906064999079,-0.0012358864837396814,-0.023262374240479687,0.9736952259578143,1.023404717858621
circle,5,3000,1500,1500,0.06,0.01774758139653148,0.027837752257073974,0.033568120828408994,0,0.01774758139653148,0.027837752257073974,0.033568120828408994,0.06080422069764208,0.04551534808228847,46.0,29,0,0.0,0,0.0,0.012274357700383997,0.011084847555084595,1.1064644716787932,1.1497455887047123,1,1,0.049931317973752304,0.4245860371917713,1,1,0.07751798666517146,0.00782262232661432,0.009290767203235214,0.007643706108122393,0.009040843558850964,-0.0013971374507285716,-0.008202135378365068,0.04023752984342132,0.9566591387788584,1.0495084208578285
circle,6,3000,1500,1500,0.06,0.014921914278572862,0.026378585338148394,0.031131229005786982,0,0.014921914278572862,0.026378585338148394,0.031131229005786982,0.06086677963365848,0.03724940497094595,47.0,32,0,0.0,0,0.0,0.012323509825237314,0.011111161602364241,1.1084821379064111,1.1508048458143099,1,1,0.04899880020804582,0.4166564643541311,1,1,0.07343708812011465,0.010567026355749767,0.012066793922100775,0.010441174872800359,0.011990766701971306,-0.0015495918291709464,0.019291975983077393,-0.013720088654960733,0.9751017921079631,1.0254330123504858
circle,7,3000,1500,1500,0.06,0.009253693686500045,0.02452980552367352,0.038695121789255514,0,0.009253693686500045,0.02452980552367352,0.038695121789255514,0.05685747196106047,0.037867605870052876,46.0,33,0,0.0,0,0.0,0.012384662223160791,0.011139393209589139,1.110948944329799,1.164537782233563,1,1,0.04865160213168737,0.4137040997592464,1,1,0.08215475557069546,0.008236176017445064,0.010034748299450573,0.008199198457902042,0.009903045103736156,-0.0017038466458341138,-0.022337197358084822,0.02334981739945934,0.9633670696158503,1.0390440374074645
circle,8,3000,1500,1500,0.06,0.013175568432503454,0.028634468530549764,0.0323004093619435,0,0.013175568432503454,0.028634468530549764,0.0323004093619435,0.05568126566256163,0.04377996834783966,49.0,30,0,0.0,0,0.0,0.012368515846806455,0.011139312958715996,1.1093485629736615,1.1740583757556022,1,1,0.051638786915459534,0.4391053309137716,1,1,0.07424232999693714,0.007941988205464896,0.008598128646558179,0.008104730470986761,0.00862841345459328,-0.000523682983606516,0.024444222452871797,-0.013167860716226328,0.959347141435245,1.0299356052753073
circle,9,3000,1500,1500,0.06,0.012422347981186441,0.024841742071211422,0.025295810765511913,0,0.012422347981186441,0.024841742071211422,0.025295810765511913,0.05778013287975725,0.04480602237026502,48.0,30,0,0.0,0,0.0,0.01239051449123435,0.011124317328217705,1.1129389725360994,1.1575658052189952,1,1,0.05037863889568878,0.42838978652796583,1,1,0.06902902228628614,0.007009097135612439,0.007509037985494919,0.006954276343938431,0.007322266237721577,-0.0003679898937831457,0.011293480432285157,0.009375239112761589,0.9825703847372468,1.0191954024901801
circle,10,3000,1500,1500,0.06,0.008063171339722806,0.01886160143838748,0.026386766425551246,0,0.008063171339722806,0.01886160143838748,0.026386766425551246,0.05362526253631817,0.044533416200466705,45.0,27,0,0.0,0,0.0,0.01248530876609342,0.01119540856246941,1.114324143866631,1.1760232880627615,1,1,0.05286661017725053,0.4495460049085929,1,1,0.0716476959069487,0.005220866903251495,0.007855648116665502,0.005259142001116938,0.007860508251841225,-0.0026013662507242854,0.020232668201013247,0.027769917736562504,0.9669054069897148,1.0375778092377366
circle,11,3000,1500,1500,0.06,0.01814669518619192,0.02740225903166216,0.027209883584852063,1,0.01814669518619192,0.02740225903166216,0.02720036133350649,0.058282264034188576,0.04580003539686611,47.0,32,0,0.0,0,0.0,0.012398988702836684,0.011145636420856773,1.1113478736483673,1.180463984469061,1,1,0.05237140738624834,0.44533509682183964,1,1,0.07326561157865039,0.007435846598177954,0.007530155797148793,0.006952049123800431,0.007235269240599429,-0.0002832201167989986,-0.011860593745632687,0.0008620188199386648,0.9884087815612101,1.0278760834233538
circle,12,3000,1500,1500,0.06,0.01168534931127458,0.028082983984806173,0.031293470966671795,0,0.01168534931127458,0.028081018443178375,0.031293470966671795,0.05735876874558359,0.04330515130564574,47.0,33,0,0.0,0,0.0,0.012343431976889144,0.01111411173725032,1.10980727095649,1.1579252082994458,1,1,0.04954395845970402,0.42129216377299333,1,1,0.07032369813803699,0.0077964355460345995,0.009998609883599564,0.007740207451671236,0.009918619449512016,-0.0021784119978407786,-0.027918049953261127,0.001681093490962254,0.9674542017260006,1.0336737837702887
circle,13,3000,1500,1500,0.06,0.015015034180809487,0.029235665300209636,0.0340398885512816,0,0.015015034180809487,0.029235665300209636,0.0340398885512816,0.06055035590883752,0.04862538245022514,47.5,28,0,0.0,0,0.0,0.012297763378056846,0.011072791286130677,1.1092637404257275,1.19372498921367,1,1,0.06063980137295114,0.5156445694978838,1,1,0.08539378414505765,0.009447865788559188,0.00996275369942788,0.009347044776772548,0.009807773810438916,-0.0004607290336663699,0.0007455746809372493,-0.004225892703286625,0.990710661711939,1.0179848585587048
circle,14,3000,1500,1500,0.06,0.012009902671061862,0.02243066683167577,0.03239475738808782,0,0.012009902671061862,0.02243066683167577,0.03239475738808782,0.05725506231540468,0.038415379473665835,47.0,31,0,0.0,0,0.0,0.012423170550795708,0.011172827881186728,1.1112010139485848,1.1970764344335774,1,1,0.05134630444263767,0.4366182350564428,1,1,0.07141085947359448,0.009209229910090643,0.010700112843404956,0.00887971968565768,0.010278277837606563,-0.0013985581519488826,-0.0021901679068186157,0.002091606230013073,0.9868255680224122,1.0130944978835754
circle,15,3000,1500,1500,0.06,0.016370907588258845,0.023197180605757633,0.027707831714785483,0,0.016370907588258845,0.023197180605757633,0.027677714907118907,0.06118563378438982,0.041252679977820124,46.0,30,0,0.0,0,0.0,0.01244630122240485,0.011145481171291181,1.1153856871535368,1.171117497191118,1,1,0.052134445624646995,0.4433201158558418,1,1,0.0704335230734925,0.008244161980694236,0.009197048056394829,0.00834655301245497,0.009354472825468542,-0.0010079198130135709,-0.020193059639977064,-0.012597808455165409,0.9788811333476466,1.0310438076333095
circle,16,3000,1500,1500,0.06,0.017557232215932105,0.020114926060315612,0.031867630288001936,0,0.017557232215932105,0.020101153463085115,0.031867630288001936,0.0546456254813812,0.03497144205898096,46.0,33,0,0.0,0,0.0,0.012360179690616063,0.011125813159642872,1.1098390949068728,1.1683797002553666,1,1,0.053488832800521253,0.4548370136098746,1,1,0.0755750670018362,0.00725764627286446,0.00960356745298974,0.007303064034857417,0.009723556607702098,-0.002420492572844683,0.01329390341526742,0.014780755381929182,0.9781237189751848,1.0372053844328906
circle,17,3000,1500,1500,0.06,0.01294271368425158,0.029037300184417258,0.027545727457226114,1,0.01294271368425158,0.029037300184417258,0.02754499271185623,0.05694777960190648,0.04093127139157902,46.0,34,0,0.0,0,0.0,0.012315280368447533,0.011096519209748136,1.109267138176505,1.1693491757566108,1,1,0.04957263565235895,0.4215360174520319,1,1,0.06902502214075894,0.00835340685868249,0.010271613674031406,0.00812611472965435,0.010170583479068537,-0.0020444687494141885,-0.010714342133741605,0.0026518481683601887,0.9843646076929511,1.023893771559808
circle,18,3000,1500,1500,0.06,0.010139988685365748,0.021962736272079,0.030769831604769166,0,0.010139988685365748,0.02195656530820041,0.030769831604769166,0.05963316291509689,0.04502384200464999,47.0,30,0,0.0,0,0.0,0.012368095787159396,0.011146050824588952,1.1085674662150047,1.1594578156912392,1,1,0.05421641424890113,0.46102393068793485,1,1,0.07497302411558288,0.00919113886864452,0.010969507232073104,0.00941535989821917,0.010965244053619377,-0.0015498841554002054,-0.013498137236314073,-0.006085179282543297,0.9866921851939083,1.01749825991768
circle,19,3000,1500,1500,0.06,0.01374259403340028,0.030863812171541258,0.032772126139175406,0,0.01374259403340028,0.030863812171541258,0.032772126139175406,0.058780839743274395,0.04246604777213911,47.5,35,0,0.0,0,0.0,0.012377870241041335,0.011115379955619065,1.1126287897022855,1.1721085472916013,1,1,0.05206156636929035,0.4427003942966867,1,1,0.08374581031163184,0.007329830837251261,0.009217971552897932,0.00748508788895439,0.009434203402013118,-0.0019491155130587274,0.020498026939957642,0.006220664712075231,0.9789499610966778,1.0253570794074884
ellipse,0,3000,1500,1500,0.06,0.03472300953855157,0.025730100742610833,0.030675872453618278,0,0.03472300953855157,0.02572618256248614,0.030671424417486905,0.06386392744389992,0.03230697813272223,41.0,29,0,0.0,0,0.0,0.013039428666639789,0.011648279233916517,1.1183548344774745,1.1927860103671513,1,1,0.052935093583611745,0.4501283467994196,1,1,0.07655846400968021,0.009860485269884627,0.011610949156854249,0.012977969594388456,0.012622191235758579,0.0003557783586298781,0.03164386747748886,0.03476142717840031,0.7849131435180755,1.4031079292355488
ellipse,1,3000,1500,1500,0.06,0.040164935874904564,0.029809545577387783,0.03823683197689099,0,0.040164935874904564,0.029809545577387783,0.03823683197689099,0.06040054603628967,0.03581472325037828,42.5,28,0,0.0,0,0.0,0.01289645471263396,0.011547643731321137,1.1156733857870782,1.174523133794494,1,1,0.05250979665780075,0.44651187634184314,1,1,0.08309830796382488,0.01010536307437326,0.011230221177285327,0.011721805784570482,0.011903311579267002,-0.00018150579469652442,-0.0036975034999372964,0.0024845667195910652,0.7953376777662223,1.3646702898692085
ellipse,2,3000,1500,1500,0.06,0.03396433450276788,0.02610339094944645,0.02792944796759484,0,0.03396433450276788,0.02610339094944645,0.02792944796759484,0.06109996075786765,0.02456910033444148,42.0,27,0,0.0,0,0.0,0.013030122507790546,0.011631920834842744,1.1187038390863049,1.1930440561677462,1,1,0.055114094567456196,0.4686572667300697,1,1,0.07964976835747425,0.0072528889415450215,0.010264173186080217,0.009412855535780395,0.011976143908266191,-0.0025632883724857965,0.012638426947427011,-0.006201643927661636,0.8113074885357527,1.383968161570183
ellipse,3,3000,1500,1500,0.06,0.0411591220557139,0.03292333047460011,0.027363164057856625,1,0.0411591220557139,0.03292333047460011,0.027363164057856625,0.05999643492288227,0.026204254644103555,41.0,27,0,0.0,0,0.0,0.013033726475919074,0.0116492833442101,1.1180742110059045,1.178199968682485,1,1,0.05101199735018806,0.43377548767166724,1,1,0.06962016207442112,0.006904357785969177,0.007602401778245338,0.009779092348125861,0.008301727039713151,0.0014773653084127138,0.008844022443540885,-0.039891174755716595,0.775813698031709,1.3674706014536357
ellipse,4,3000,1500,1500,0.06,0.03959422248203435,0.028288318823689065,0.030701070388088173,0,0.03959422248203435,0.028288318823689065,0.030701070388088173,0.06324517289859267,0.03714557822228381,43.0,26,0,0.0,0,0.0,0.012930427938230238,0.011604697737184897,1.1127057588000315,1.1879667923473625,1,1,0.058576832370950425,0.49810231607951044,1,1,0.07772304736484197,0.01050230961626693,0.010213052866196335,0.014229807462312996,0.011844401792406508,0.0023854056699064885,0.03938798866108936,0.007032333005828312,0.8051257440204531,1.4112970090027734
ellipse,5,3000,1500,1500,0.06,0.038346366992311275,0.04375555271427253,0.04163187279744779,1,0.038346366992311275,0.04375555271427253,0.04163187279744779,0.05921882715333404,0.03249005090090478,42.0,27,0,0.0,0,0.0,0.013024292277740289,0.011608345110211872,1.1199692953531266,1.2013558920220482,0,0,0.05786880668100823,0.4920816894643557,1,1,0.07424620988448796,0.008606838372717212,0.009301422642071653,0.012551437155823667,0.013135265966824286,-0.0005838288110006193,-0.022984147598560063,-0.006486281932347372,0.8024264892429436,1.3948778277752152
ellipse,6,3000,1500,1500,0.06,0.032650998071555117,0.029338039035813883,0.0331232487695606,0,0.032650998071555117,0.029338039035813883,0.0331232487695606,0.06012066311355957,0.03138378286603172,42.5,24,0,0.0,0,0.0,0.012941235079886157,0.011558131289474749,1.1183222794312255,1.1783229147601788,1,1,0.05963370397196973,0.5070893194895385,1,1,0.08979655408291887,0.007870680646741537,0.009523181332222469,0.0090408713683447,0.010512790946890442,-0.0014719195785457425,-0.0038786898430036333,0.0014781969366888612,0.802128323055708,1.3768029580499919
ellipse,7,3000,1500,1500,0.06,0.03660792360239501,0.030443571994145355,0.03448259590205254,0,0.03660792360239501,0.030443571994145355,0.03448259590205254,0.06288110069848601,0.03018687139264624,40.0,28,0,0.0,0,0.0,0.012869917611552182,0.011536126535558628,1.114550157197119,1.18747446348574,1,1,0.05305082147207707,0.45111242748364855,1,1,0.08257319614955645,0.01009258168445133,0.010943061829214324,0.014792808978436848,0.013062163436757942,0.001730645541678906,-0.02445815077957926,-0.01009768836642295,0.8000898964276154,1.387895130307848
ellipse,8,3000,1500,1500,0.06,0.039271624344762,0.028845497752784832,0.028830908714075742,1,0.039271624344762,0.028845497752784832,0.028830908714075742,0.05993910913563758,0.022133888180029433,42.5,25,0,0.0,0,0.0,0.012920592111548173,0.011560205343600591,1.1168246979246688,1.1671050646982504,1,1,0.05253682696852534,0.4467417259228345,1,1,0.07487719266970123,0.008313954525223094,0.01038725854005403,0.00930827575453692,0.010324525609304065,-0.0010162498547671456,0.03582156117996349,0.002688516532277342,0.8030679669250382,1.3978888367521294
ellipse,9,3000,1500,1500,0.06,0.03231554367858595,0.03018349658714076,0.03305125902057766,0,0.03231554367858595,0.03018349658714076,0.03305125902057766,0.06111808583646697,0.02963321652150311,41.5,25,0,0.0,0,0.0,0.012951012562701742,0.011577958513058784,1.1175619496724631,1.190379407181696,1,1,0.054257348481366326,0.4613720108959722,1,1,0.07678930375475677,0.009772754523021171,0.010478980359933708,0.011748452910547031,0.012179130477512127,-0.0004306775669650925,0.0011090998867540308,-0.008650765364102475,0.8005965427477901,1.3826998398175654
ellipse,10,3000,1500,1500,0.06,0.0364681154202472,0.027872454686090526,0.03147367714064619,0,0.0364681154202472,0.027872454686090526,0.03147367714064619,0.05931053267662603,0.029522195504479543,42.0,29,0,0.0,0,0.0,0.012911832514197278,0.01159134907660157,1.1128787984847153,1.1546972722261637,1,1,0.05214002839994406,0.4433675884348985,1,1,0.07225557832720794,0.00829639847366668,0.00860760594965544,0.008943492470768291,0.008233377728219799,0.0007101147425484929,0.011745923701736757,-0.02278631964543761,0.7801520856812046,1.37497577782307
ellipse,11,3000,1500,1500,0.06,0.045635936706623276,0.030304028269116812,0.028571298449059448,1,0.045635936706623276,0.030304028269116812,0.028571298449059448,0.05866570744421239,0.025607775539714793,41.5,30,0,0.0,0,0.0,0.012891953341974528,0.011570824091137832,1.1133542983626457,1.195250788740526,1,1,0.05345854839516944,0.4545794931562027,1,1,0.07423012028730606,0.010335334316088794,0.009537036680267378,0.01592326029395229,0.011507779848274047,0.0044154804456782385,0.006415877874927536,0.007928297245712491,0.8049826052013965,1.365642804849368
ellipse,12,3000,1500,1500,0.06,0.03245730886595927,0.022482635696738296,0.03898939167246898,0,0.03245730886595927,0.02246633724121542,0.03898939167246898,0.06176288031093153,0.02704842042101818,41.0,29,0,0.0,0,0.0,0.012922060823787298,0.011551618214850037,1.1175478019261977,1.1868772528571898,1,1,0.05830542398731086,0.4957944216608067,1,1,0.09727931261053657,0.008516275520245222,0.008985261466075109,0.009082965044763388,0.008011596006432826,0.001071369038330562,0.015458606078411674,-0.011027446778139596,0.8029231044431264,1.3834550228722944
ellipse,13,3000,1500,1500,0.06,0.036885944421498784,0.022566991117775163,0.03149557704323371,0,0.036885944421498784,0.022566991117775163,0.03149557704323371,0.055717313161003444,0.027854835119121502,42.0,29,0,0.0,0,0.0,0.01293124498760098,0.011553305724079397,1.118413095639674,1.1631064378688074,1,1,0.05202025068622836,0.44234907046112554,1,1,0.07969182403689352,0.008285031696436275,0.010967766272878047,0.007986530228764211,0.009116230458806234,-0.0011297002300420225,-0.016402343965325382,-0.0038789919291482146,0.8112997206567294,1.3810995955593988
ellipse,14,3000,1500,1500,0.06,0.04373090698828445,0.024233148293469464,0.02465120527684929,0,0.04373090698828445,0.024233148293469464,0.02465120527684929,0.057099137002721824,0.024442576188078803,42.0,29,0,0.0,0,0.0,0.012932098077738987,0.01155079949478089,1.1185494824467292,1.2084241944707181,1,1,0.05247288997643216,0.4461980440172803,1,1,0.07197541539498949,0.008492920428665516,0.008130064826873788,0.007771818734559732,0.007595602664265703,0.00017621607029403286,-0.031220034871105425,0.006011863609294404,0.7991904710320714,1.3874618702005728
ellipse,15,3000,1500,1500,0.06,0.03454021455667177,0.03196822115549645,0.041528428076178965,0,0.03454021455667177,0.03196822115549645,0.041528428076178965,0.06130785140042267,0.03566234195033903,41.0,31,0,0.0,0,0.0,0.012983049409177494,0.01160179335704783,1.1175821580524183,1.2081956898043855,1,0,0.057030233580377655,0.4849509658195379,1,1,0.08544373796525476,0.00960011849554583,0.010721390691649233,0.013211712936779214,0.013454503683071096,-0.0002427907462918827,0.0032455792075471255,0.0031473327535955107,0.8075735679229782,1.3694688956798218
ellipse,16,3000,1500,1500,0.06,0.03831024428501072,0.02994137048771548,0.02611252155979285,1,0.03831024428501072,0.02994137048771548,0.02611252155979285,0.05998924349985706,0.031170342507604684,44.0,27,0,0.0,0,0.0,0.012867134072284354,0.01153469748790875,1.1147035720659213,1.161450472963536,1,1,0.052292527809430715,0.4446643521210095,1,1,0.07593479177140615,0.009272997083156846,0.009284755384052544,0.012578527095873265,0.011954773448817884,0.0006237536470553813,0.010912841769554966,-0.027038388974217998,0.7765766585503756,1.371888317855063
ellipse,17,3000,1500,1500,0.06,0.03767406018607028,0.05541892110122001,0.04211266500736044,1,0.03767406018607028,0.05541892110122001,0.04211266500736044,0.05960471214352108,0.029653415579678363,43.0,31,0,0.0,0,0.0,0.01276601506748612,0.011473593278535548,1.1119685518533224,1.153548302956135,1,0,0.050503119508599065,0.4294482951411485,1,1,0.08770456113740967,0.00916749077479081,0.009641443840007017,0.01382098512483756,0.010617250439579697,0.00320373468525786,-0.01901049359068797,-0.0005232223476133823,0.7964094588346889,1.3816455933891303
ellipse,18,3000,1500,1500,0.06,0.03992488569103674,0.027265652134463907,0.029400050162844967,0,0.03992488569103674,0.027265652134463907,0.029400050162844967,0.05764130624588069,0.02161568515995302,41.0,29,0,0.0,0,0.0,0.01299880247162884,0.011641141482894956,1.1158795856045598,1.1803913260270675,1,1,0.05247474202498357,0.4462137927294521,1,1,0.07486039169378463,0.008451931516101177,0.00951203195270226,0.011221478674562874,0.012777599442675388,-0.0015561207681125185,-0.009551666509568563,0.004997216881030016,0.8069353081374278,1.3696614206459348
ellipse,19,3000,1500,1500,0.06,0.038131532104118876,0.027981815700550527,0.030988885818203877,0,0.038131532104118876,0.027981815700550527,0.030988885818203877,0.05714397674974316,0.02761457798218488,42.0,28,0,0.0,0,0.0,0.012842040062727492,0.011534337999198872,1.1126134151052922,1.1775677130126652,1,1,0.05067087039472158,0.4308747482544352,1,1,0.07701302020070615,0.009518614752392221,0.010209019776097008,0.014214014556037859,0.01148398901204261,0.0027300255439952487,-0.002744214389234022,0.010726091467651064,0.8010398528446911,1.366875027021798
